{
    "ambientocclusion": false,
	"textures": {
        "all": "block/birch_leaves/birch_leaves",
		"particle": "#all"
	},
    "display": {
        "gui": {
            "rotation": [ 30, 225, 0 ],
            "translation": [ 0, 0, 0],
            "scale":[ 0.625, 0.625, 0.625 ]
        },
        "ground": {
            "rotation": [ 0, 0, 0 ],
            "translation": [ 0, 3, 0],
            "scale":[ 0.25, 0.25, 0.25 ]
        },
        "fixed": {
            "rotation": [ 0, 0, 0 ],
            "translation": [ 0, 0, 0],
            "scale":[ 0.5, 0.5, 0.5 ]
        },
        "thirdperson_righthand": {
            "rotation": [ 75, 45, 0 ],
            "translation": [ 0, 2.5, 0],
            "scale": [ 0.375, 0.375, 0.375 ]
        },
        "firstperson_righthand": {
            "rotation": [ 0, 45, 0 ],
            "translation": [ 0, 0, 0 ],
            "scale": [ 0.40, 0.40, 0.40 ]
        },
        "firstperson_lefthand": {
            "rotation": [ 0, 225, 0 ],
            "translation": [ 0, 0, 0 ],
            "scale": [ 0.40, 0.40, 0.40 ]
        }
    },
	"elements": [
		{
			"name": "nwtg1",
			"from": [6.1, -1.9, -0.9],
			"to": [12.1, 4.1, 5.1],
			"faces": {
				"north": {"uv": [4, 10, 10, 16], "texture": "#all", "tintindex": 0},
				"east": {"uv": [10, 10, 16, 16], "texture": "#all", "tintindex": 0},
				"south": {"uv": [6, 10, 12, 16], "texture": "#all", "tintindex": 0},
				"west": {"uv": [0, 10, 6, 16], "texture": "#all", "tintindex": 0},
				"up": {"uv": [6, 0, 12, 6], "texture": "#all", "tintindex": 0},
				"down": {"uv": [6, 10, 12, 16], "texture": "#all", "tintindex": 0}
			}
		},
		{
			"name": "nwtg2",
			"from": [13.3, 5.3, 13.3],
			"to": [19.3, 11.3, 19.3],
			"faces": {
				"north": {"uv": [0, 6, 6, 12], "texture": "#all", "tintindex": 0},
				"east": {"uv": [0, 6, 6, 12], "texture": "#all", "tintindex": 0},
				"south": {"uv": [10, 6, 16, 12], "texture": "#all", "tintindex": 0},
				"west": {"uv": [10, 6, 16, 12], "texture": "#all", "tintindex": 0},
				"up": {"uv": [10, 10, 16, 16], "texture": "#all", "tintindex": 0},
				"down": {"uv": [10, 0, 16, 6], "texture": "#all", "tintindex": 0}
			}
		},
		{
			"name": "nwtg3",
			"from": [2.1, 2.1, 2.1],
			"to": [16.1, 16.1, 16.1],
			"rotation": {"angle": 0, "axis": "y", "origin": [8, 9, 8]},
			"faces": {
				"north": {"uv": [1, 1, 15, 15], "texture": "#all", "tintindex": 0},
				"east": {"uv": [1, 1, 15, 15], "texture": "#all", "tintindex": 0},
				"south": {"uv": [1, 1, 15, 15], "texture": "#all", "tintindex": 0},
				"west": {"uv": [1, 1, 15, 15], "texture": "#all", "tintindex": 0},
				"up": {"uv": [1, 1, 15, 15], "texture": "#all", "tintindex": 0},
				"down": {"uv": [1, 1, 15, 15], "texture": "#all", "tintindex": 0}
			}
		},
		{
			"name": "nwtg4",
			"from": [-0.8, 12.2, 6.2],
			"to": [5.2, 18.2, 12.2],
			"faces": {
				"north": {"uv": [10, 0, 16, 6], "texture": "#all", "tintindex": 0},
				"east": {"uv": [4, 0, 10, 6], "texture": "#all", "tintindex": 0},
				"south": {"uv": [0, 0, 6, 6], "texture": "#all", "tintindex": 0},
				"west": {"uv": [6, 0, 12, 6], "texture": "#all", "tintindex": 0},
				"up": {"uv": [0, 6, 6, 12], "texture": "#all", "tintindex": 0},
				"down": {"uv": [0, 4, 6, 10], "texture": "#all", "tintindex": 0}
			}
		}
	]
}