{
	"textures": {
		"all": "block/birch_leaves/birch_leaves",
        "particle": "#all"
	},
    "display": {
        "gui": {
            "rotation": [ 30, 225, 0 ],
            "translation": [ 0, 0, 0],
            "scale":[ 0.625, 0.625, 0.625 ]
        },
        "ground": {
            "rotation": [ 0, 0, 0 ],
            "translation": [ 0, 3, 0],
            "scale":[ 0.25, 0.25, 0.25 ]
        },
        "fixed": {
            "rotation": [ 0, 0, 0 ],
            "translation": [ 0, 0, 0],
            "scale":[ 0.5, 0.5, 0.5 ]
        },
        "thirdperson_righthand": {
            "rotation": [ 75, 45, 0 ],
            "translation": [ 0, 2.5, 0],
            "scale": [ 0.375, 0.375, 0.375 ]
        },
        "firstperson_righthand": {
            "rotation": [ 0, 45, 0 ],
            "translation": [ 0, 0, 0 ],
            "scale": [ 0.40, 0.40, 0.40 ]
        },
        "firstperson_lefthand": {
            "rotation": [ 0, 225, 0 ],
            "translation": [ 0, 0, 0 ],
            "scale": [ 0.40, 0.40, 0.40 ]
        }
    },
	"elements": [
		{
			"name": "nwtg1",
			"from": [8, 2, 2],
			"to": [16, 10, 10],
			"rotation": {"angle": 0, "axis": "y", "origin": [18, 0, 6]},
			"faces": {
				"north": {"uv": [8, 0, 16, 8], "texture": "#all", "tintindex": 0},
				"east": {"uv": [4, 0, 12, 8], "texture": "#all", "tintindex": 0},
				"south": {"uv": [0, 0, 8, 8], "texture": "#all", "tintindex": 0},
				"west": {"uv": [4, 0, 12, 8], "texture": "#all", "tintindex": 0},
				"up": {"uv": [0, 4, 8, 12], "texture": "#all", "tintindex": 0},
				"down": {"uv": [8, 4, 16, 12], "texture": "#all", "tintindex": 0}
			}
		},
		{
			"name": "nwtg2",
			"from": [14, 8, 14],
			"to": [22, 16, 22],
			"rotation": {"angle": 0, "axis": "y", "origin": [12, 11, 12]},
			"faces": {
				"north": {"uv": [0, 4, 8, 12], "texture": "#all", "tintindex": 0},
				"east": {"uv": [0, 4, 8, 12], "texture": "#all", "tintindex": 0},
				"south": {"uv": [8, 4, 16, 12], "texture": "#all", "tintindex": 0},
				"west": {"uv": [8, 4, 16, 12], "texture": "#all", "tintindex": 0},
				"up": {"uv": [8, 8, 16, 16], "texture": "#all", "tintindex": 0},
				"down": {"uv": [8, 0, 16, 8], "texture": "#all", "tintindex": 0}
			}
		},
		{
			"name": "nwtg3",
			"from": [5, 5, 5],
			"to": [19, 19, 19],
			"rotation": {"angle": 0, "axis": "y", "origin": [12, 12, 12]},
			"faces": {
				"north": {"uv": [1, 1, 15, 15], "texture": "#all", "tintindex": 0},
				"east": {"uv": [1, 1, 15, 15], "texture": "#all", "tintindex": 0},
				"south": {"uv": [1, 1, 15, 15], "texture": "#all", "tintindex": 0},
				"west": {"uv": [1, 1, 15, 15], "texture": "#all", "tintindex": 0},
				"up": {"uv": [1, 1, 15, 15], "texture": "#all", "tintindex": 0},
				"down": {"uv": [1, 1, 15, 15], "texture": "#all", "tintindex": 0}
			}
		},
		{
			"name": "nwtg4",
			"from": [2, 14, 8],
			"to": [10, 22, 16],
			"rotation": {"angle": 0, "axis": "y", "origin": [6, 24, 16]},
			"faces": {
				"north": {"uv": [4, 8, 12, 16], "texture": "#all", "tintindex": 0},
				"east": {"uv": [8, 8, 16, 16], "texture": "#all", "tintindex": 0},
				"south": {"uv": [4, 8, 12, 16], "texture": "#all", "tintindex": 0},
				"west": {"uv": [0, 8, 8, 16], "texture": "#all", "tintindex": 0},
				"up": {"uv": [0, 0, 8, 8], "rotation": 90, "texture": "#all", "tintindex": 0},
				"down": {"uv": [8, 0, 16, 8], "rotation": 270, "texture": "#all", "tintindex": 0}
			}
		}
	]
}