{
    "ambientocclusion": false,
	"textures": {
        "all": "block/dark_oak_leaves/dark_oak_leaves",
		"particle": "#all"
	},
    "display": {
        "gui": {
            "rotation": [ 30, 225, 0 ],
            "translation": [ 0, 0, 0],
            "scale":[ 0.625, 0.625, 0.625 ]
        },
        "ground": {
            "rotation": [ 0, 0, 0 ],
            "translation": [ 0, 3, 0],
            "scale":[ 0.25, 0.25, 0.25 ]
        },
        "fixed": {
            "rotation": [ 0, 0, 0 ],
            "translation": [ 0, 0, 0],
            "scale":[ 0.5, 0.5, 0.5 ]
        },
        "thirdperson_righthand": {
            "rotation": [ 75, 45, 0 ],
            "translation": [ 0, 2.5, 0],
            "scale": [ 0.375, 0.375, 0.375 ]
        },
        "firstperson_righthand": {
            "rotation": [ 0, 45, 0 ],
            "translation": [ 0, 0, 0 ],
            "scale": [ 0.40, 0.40, 0.40 ]
        },
        "firstperson_lefthand": {
            "rotation": [ 0, 225, 0 ],
            "translation": [ 0, 0, 0 ],
            "scale": [ 0.40, 0.40, 0.40 ]
        }
    },
	"elements": [
		{
			"name": "nwtg1",
			"from": [14, 3, 4],
			"to": [18, 13, 14],
			"faces": {
				"north": {"uv": [1, 6, 5, 16], "texture": "#all", "tintindex": 0},
				"east": {"uv": [3, 3, 13, 13], "texture": "#all", "tintindex": 0},
				"south": {"uv": [11, 6, 15, 16], "texture": "#all", "tintindex": 0},
				"west": {"uv": [3, 3, 13, 13], "texture": "#all", "tintindex": 0},
				"up": {"uv": [11, 0, 15, 10], "texture": "#all", "tintindex": 0},
				"down": {"uv": [1, 0, 5, 10], "texture": "#all", "tintindex": 0}
			}
		},
		{
			"name": "nwtg2",
			"from": [3, 13, 4],
			"to": [13, 17, 14],
			"faces": {
				"north": {"uv": [3, 0, 7, 10], "rotation": 90, "texture": "#all", "tintindex": 0},
				"east": {"uv": [2, 0, 6, 10], "rotation": 270, "texture": "#all", "tintindex": 0},
				"south": {"uv": [3, 0, 7, 10], "rotation": 270, "texture": "#all", "tintindex": 0},
				"west": {"uv": [4, 0, 8, 10], "rotation": 270, "texture": "#all", "tintindex": 0},
				"up": {"uv": [3, 4, 13, 14], "rotation": 270, "texture": "#all", "tintindex": 0},
				"down": {"uv": [3, 2, 13, 12], "rotation": 270, "texture": "#all", "tintindex": 0}
			}
		},
		{
			"name": "nwtg3",
			"from": [3, -1, 4],
			"to": [13, 3, 14],
			"faces": {
				"north": {"uv": [1, 6, 5, 16], "rotation": 270, "texture": "#all", "tintindex": 0},
				"east": {"uv": [10, 0, 14, 10], "rotation": 90, "texture": "#all", "tintindex": 0},
				"south": {"uv": [10, 6, 14, 16], "rotation": 90, "texture": "#all", "tintindex": 0},
				"west": {"uv": [1, 0, 5, 10], "rotation": 90, "texture": "#all", "tintindex": 0},
				"up": {"uv": [3, 3, 13, 13], "rotation": 90, "texture": "#all", "tintindex": 0},
				"down": {"uv": [3, 3, 13, 13], "rotation": 90, "texture": "#all", "tintindex": 0}
			}
		},
		{
			"name": "nwtg4",
			"from": [1, 1, 1],
			"to": [15, 15, 15],
			"rotation": {"angle": 0, "axis": "y", "origin": [7, 8, 7]},
			"faces": {
				"north": {"uv": [1, 1, 15, 15], "texture": "#all", "tintindex": 0},
				"east": {"uv": [1, 1, 15, 15], "texture": "#all", "tintindex": 0},
				"south": {"uv": [1, 1, 15, 15], "texture": "#all", "tintindex": 0},
				"west": {"uv": [1, 1, 15, 15], "texture": "#all", "tintindex": 0},
				"up": {"uv": [1, 1, 15, 15], "texture": "#all", "tintindex": 0},
				"down": {"uv": [1, 1, 15, 15], "texture": "#all", "tintindex": 0}
			}
		}
	]
}