{
	"textures": {
		"leaves": "block/birch_sapling/birch_sapling_leaves",
        "particle": "#leaves",
		"bark": "block/birch_sapling/birch_sapling_wood"
	},
    "display": {
        "gui": {
            "rotation": [ 30, 225, 0 ],
            "translation": [ 0, 0, 0],
            "scale":[ 0.625, 0.625, 0.625 ]
        },
        "ground": {
            "rotation": [ 0, 0, 0 ],
            "translation": [ 0, 3, 0],
            "scale":[ 0.25, 0.25, 0.25 ]
        },
        "fixed": {
            "rotation": [ 0, 0, 0 ],
            "translation": [ 0, 0, 0],
            "scale":[ 0.5, 0.5, 0.5 ]
        },
        "thirdperson_righthand": {
            "rotation": [ 75, 45, 0 ],
            "translation": [ 0, 2.5, 0],
            "scale": [ 0.375, 0.375, 0.375 ]
        },
        "firstperson_righthand": {
            "rotation": [ 0, 45, 0 ],
            "translation": [ 0, 0, 0 ],
            "scale": [ 0.40, 0.40, 0.40 ]
        },
        "firstperson_lefthand": {
            "rotation": [ 0, 225, 0 ],
            "translation": [ 0, 0, 0 ],
            "scale": [ 0.40, 0.40, 0.40 ]
        }
    },
	"elements": [
		{
			"name": "nwtg1",
			"from": [6, 0, 6],
			"to": [10, 2, 10],
			"faces": {
				"north": {"uv": [6, 14, 10, 16], "texture": "#bark"},
				"east": {"uv": [6, 14, 10, 16], "texture": "#bark"},
				"south": {"uv": [6, 14, 10, 16], "texture": "#bark"},
				"west": {"uv": [6, 14, 10, 16], "texture": "#bark"},
				"up": {"uv": [6, 6, 10, 10], "texture": "#bark"},
				"down": {"uv": [6, 6, 10, 10], "texture": "#bark"}
			}
		},
		{
			"name": "nwtg2",
			"from": [7, 2, 7],
			"to": [9, 11, 9],
			"faces": {
				"north": {"uv": [7, 5, 9, 14], "texture": "#bark"},
				"east": {"uv": [7, 5, 9, 14], "texture": "#bark"},
				"south": {"uv": [7, 5, 9, 14], "texture": "#bark"},
				"west": {"uv": [7, 5, 9, 14], "texture": "#bark"},
				"up": {"uv": [7, 7, 9, 9], "texture": "#bark"},
				"down": {"uv": [7, 7, 9, 9], "texture": "#bark"}
			}
		},
		{
			"name": "nwtg3",
			"from": [8, 9, 9],
			"to": [9, 10, 11],
			"faces": {
				"north": {"uv": [7, 6, 8, 7], "texture": "#bark"},
				"east": {"uv": [5, 6, 7, 7], "texture": "#bark"},
				"south": {"uv": [8, 6, 9, 7], "texture": "#bark"},
				"west": {"uv": [9, 6, 11, 7], "texture": "#bark"},
				"up": {"uv": [8, 9, 9, 11], "texture": "#bark"},
				"down": {"uv": [8, 5, 9, 7], "texture": "#bark"}
			}
		},
		{
			"name": "nwtg4",
			"from": [7, 5, 3],
			"to": [8, 6, 7],
			"faces": {
				"north": {"uv": [8, 10, 9, 11], "texture": "#bark"},
				"east": {"uv": [9, 10, 13, 11], "texture": "#bark"},
				"south": {"uv": [7, 10, 8, 11], "texture": "#bark"},
				"west": {"uv": [3, 10, 7, 11], "texture": "#bark"},
				"up": {"uv": [7, 3, 8, 7], "texture": "#bark"},
				"down": {"uv": [7, 9, 8, 13], "texture": "#bark"}
			}
		},
		{
			"name": "nwtg5",
			"from": [4, 7, 8],
			"to": [7, 8, 9],
			"faces": {
				"north": {"uv": [9, 8, 12, 9], "texture": "#bark"},
				"east": {"uv": [7, 8, 8, 9], "texture": "#bark"},
				"south": {"uv": [4, 8, 7, 9], "texture": "#bark"},
				"west": {"uv": [8, 8, 9, 9], "texture": "#bark"},
				"up": {"uv": [4, 8, 7, 9], "texture": "#bark"},
				"down": {"uv": [4, 7, 7, 8], "texture": "#bark"}
			}
		},
		{
			"name": "nwtg6",
			"from": [9, 3, 8],
			"to": [13, 4, 9],
			"faces": {
				"north": {"uv": [3, 12, 7, 13], "texture": "#bark"},
				"east": {"uv": [7, 12, 8, 13], "texture": "#bark"},
				"south": {"uv": [9, 12, 13, 13], "texture": "#bark"},
				"west": {"uv": [8, 12, 9, 13], "texture": "#bark"},
				"up": {"uv": [9, 8, 13, 9], "texture": "#bark"},
				"down": {"uv": [9, 7, 13, 8], "texture": "#bark"}
			}
		},
		{
			"name": "nwtg7",
			"from": [2, 4, 2],
			"to": [10, 9, 10],
			"faces": {
				"north": {"uv": [6, 7, 14, 12], "texture": "#leaves"},
				"east": {"uv": [6, 7, 14, 12], "texture": "#leaves"},
				"south": {"uv": [2, 7, 10, 12], "texture": "#leaves"},
				"west": {"uv": [2, 7, 10, 12], "texture": "#leaves"},
				"up": {"uv": [2, 2, 10, 10], "texture": "#leaves"},
				"down": {"uv": [2, 6, 10, 14], "texture": "#leaves"}
			}
		},
		{
			"name": "nwtg8",
			"from": [4, 7, 4],
			"to": [12, 12, 12],
			"faces": {
				"north": {"uv": [4, 4, 12, 9], "texture": "#leaves"},
				"east": {"uv": [4, 4, 12, 9], "texture": "#leaves"},
				"south": {"uv": [4, 4, 12, 9], "texture": "#leaves"},
				"west": {"uv": [4, 4, 12, 9], "texture": "#leaves"},
				"up": {"uv": [4, 4, 12, 12], "texture": "#leaves"},
				"down": {"uv": [4, 4, 12, 12], "texture": "#leaves"}
			}
		},
		{
			"name": "nwtg9",
			"from": [11, 2, 7],
			"to": [14, 5, 10],
			"faces": {
				"north": {"uv": [2, 11, 5, 14], "texture": "#leaves"},
				"east": {"uv": [6, 11, 9, 14], "texture": "#leaves"},
				"south": {"uv": [11, 11, 14, 14], "texture": "#leaves"},
				"west": {"uv": [7, 11, 10, 14], "texture": "#leaves"},
				"up": {"uv": [11, 7, 14, 10], "texture": "#leaves"},
				"down": {"uv": [11, 6, 14, 9], "texture": "#leaves"}
			}
		}
	]
}