{
	"textures": {
        "all": "block/tall_grass/tall_grass_top",
		"particle": "#all", "tintindex": 0
	},
    "display": {
        "gui": {
            "rotation": [ 30, 225, 0 ],
            "translation": [ 0, 0, 0],
            "scale":[ 0.625, 0.625, 0.625 ]
        },
        "ground": {
            "rotation": [ 0, 0, 0 ],
            "translation": [ 0, 3, 0],
            "scale":[ 0.25, 0.25, 0.25 ]
        },
        "fixed": {
            "rotation": [ 0, 0, 0 ],
            "translation": [ 0, 0, 0],
            "scale":[ 0.5, 0.5, 0.5 ]
        },
        "thirdperson_righthand": {
            "rotation": [ 75, 45, 0 ],
            "translation": [ 0, 2.5, 0],
            "scale": [ 0.375, 0.375, 0.375 ]
        },
        "firstperson_righthand": {
            "rotation": [ 0, 45, 0 ],
            "translation": [ 0, 0, 0 ],
            "scale": [ 0.40, 0.40, 0.40 ]
        },
        "firstperson_lefthand": {
            "rotation": [ 0, 225, 0 ],
            "translation": [ 0, 0, 0 ],
            "scale": [ 0.40, 0.40, 0.40 ]
        }
    },
	"elements": [
		{
			"name": "cube1",
			"from": [13, 0, 10],
			"to": [14, 15, 11],
			"faces": {
				"north": {"uv": [5, 1, 6, 16], "texture": "#all", "tintindex": 0},
				"east": {"uv": [5, 1, 6, 16], "texture": "#all", "tintindex": 0},
				"south": {"uv": [5, 1, 6, 16], "texture": "#all", "tintindex": 0},
				"west": {"uv": [5, 1, 6, 16], "texture": "#all", "tintindex": 0},
				"up": {"uv": [5, 1, 6, 2], "texture": "#all", "tintindex": 0},
				"down": {"uv": [5, 15, 6, 16], "texture": "#all", "tintindex": 0, "cullface": "down"}
			}
		},
		{
			"name": "cube2",
			"from": [11, 0, 11],
			"to": [12, 11, 12],
			"faces": {
				"north": {"uv": [4, 5, 5, 16], "texture": "#all", "tintindex": 0},
				"east": {"uv": [4, 5, 5, 16], "texture": "#all", "tintindex": 0},
				"south": {"uv": [4, 5, 5, 16], "texture": "#all", "tintindex": 0},
				"west": {"uv": [4, 5, 5, 16], "texture": "#all", "tintindex": 0},
				"up": {"uv": [4, 5, 5, 6], "texture": "#all", "tintindex": 0},
				"down": {"uv": [4, 15, 5, 16], "texture": "#all", "tintindex": 0, "cullface": "down"}
			}
		},
		{
			"name": "cube3",
			"from": [8, 0, 10],
			"to": [9, 15, 11],
			"faces": {
				"north": {"uv": [5, 1, 6, 16], "texture": "#all", "tintindex": 0},
				"east": {"uv": [5, 1, 6, 16], "texture": "#all", "tintindex": 0},
				"south": {"uv": [5, 1, 6, 16], "texture": "#all", "tintindex": 0},
				"west": {"uv": [5, 1, 6, 16], "texture": "#all", "tintindex": 0},
				"up": {"uv": [5, 1, 6, 2], "texture": "#all", "tintindex": 0},
				"down": {"uv": [5, 15, 6, 16], "texture": "#all", "tintindex": 0, "cullface": "down"}
			}
		},
		{
			"name": "cube4",
			"from": [9, 0, 12],
			"to": [10, 13, 13],
			"faces": {
				"north": {"uv": [3, 3, 4, 16], "texture": "#all", "tintindex": 0},
				"east": {"uv": [3, 3, 4, 16], "texture": "#all", "tintindex": 0},
				"south": {"uv": [3, 3, 4, 16], "texture": "#all", "tintindex": 0},
				"west": {"uv": [3, 3, 4, 16], "texture": "#all", "tintindex": 0},
				"up": {"uv": [3, 3, 4, 4], "texture": "#all", "tintindex": 0},
				"down": {"uv": [3, 15, 4, 16], "texture": "#all", "tintindex": 0, "cullface": "down"}
			}
		},
		{
			"name": "cube5",
			"from": [13, 0, 13],
			"to": [14, 6, 14],
			"faces": {
				"north": {"uv": [2, 10, 3, 16], "texture": "#all", "tintindex": 0},
				"east": {"uv": [2, 10, 3, 16], "texture": "#all", "tintindex": 0},
				"south": {"uv": [2, 10, 3, 16], "texture": "#all", "tintindex": 0},
				"west": {"uv": [2, 10, 3, 16], "texture": "#all", "tintindex": 0},
				"up": {"uv": [2, 10, 3, 11], "texture": "#all", "tintindex": 0},
				"down": {"uv": [2, 15, 3, 16], "texture": "#all", "tintindex": 0, "cullface": "down"}
			}
		},
		{
			"name": "cube6",
			"from": [2, 0, 2],
			"to": [3, 15, 3],
			"faces": {
				"north": {"uv": [2, 1, 3, 16], "texture": "#all", "tintindex": 0},
				"east": {"uv": [2, 1, 3, 16], "texture": "#all", "tintindex": 0},
				"south": {"uv": [2, 1, 3, 16], "texture": "#all", "tintindex": 0},
				"west": {"uv": [2, 1, 3, 16], "texture": "#all", "tintindex": 0},
				"up": {"uv": [2, 1, 3, 2], "texture": "#all", "tintindex": 0},
				"down": {"uv": [2, 15, 3, 16], "texture": "#all", "tintindex": 0, "cullface": "down"}
			}
		},
		{
			"name": "cube7",
			"from": [3, 0, 4],
			"to": [4, 11, 5],
			"faces": {
				"north": {"uv": [4, 5, 5, 16], "texture": "#all", "tintindex": 0},
				"east": {"uv": [4, 5, 5, 16], "texture": "#all", "tintindex": 0},
				"south": {"uv": [4, 5, 5, 16], "texture": "#all", "tintindex": 0},
				"west": {"uv": [4, 5, 5, 16], "texture": "#all", "tintindex": 0},
				"up": {"uv": [4, 5, 5, 6], "texture": "#all", "tintindex": 0},
				"down": {"uv": [4, 15, 5, 16], "texture": "#all", "tintindex": 0, "cullface": "down"}
			}
		},
		{
			"name": "cube8",
			"from": [2, 0, 7],
			"to": [3, 15, 8],
			"faces": {
				"north": {"uv": [2, 1, 3, 16], "texture": "#all", "tintindex": 0},
				"east": {"uv": [2, 1, 3, 16], "texture": "#all", "tintindex": 0},
				"south": {"uv": [2, 1, 3, 16], "texture": "#all", "tintindex": 0},
				"west": {"uv": [2, 1, 3, 16], "texture": "#all", "tintindex": 0},
				"up": {"uv": [2, 1, 3, 2], "texture": "#all", "tintindex": 0},
				"down": {"uv": [2, 15, 3, 16], "texture": "#all", "tintindex": 0, "cullface": "down"}
			}
		},
		{
			"name": "cube9",
			"from": [4, 0, 6],
			"to": [5, 13, 7],
			"faces": {
				"north": {"uv": [9, 3, 10, 16], "texture": "#all", "tintindex": 0},
				"east": {"uv": [9, 3, 10, 16], "texture": "#all", "tintindex": 0},
				"south": {"uv": [9, 3, 10, 16], "texture": "#all", "tintindex": 0},
				"west": {"uv": [9, 3, 10, 16], "texture": "#all", "tintindex": 0},
				"up": {"uv": [9, 3, 10, 4], "texture": "#all", "tintindex": 0},
				"down": {"uv": [9, 15, 10, 16], "texture": "#all", "tintindex": 0, "cullface": "down"}
			}
		},
		{
			"name": "cube10",
			"from": [5, 0, 2],
			"to": [6, 6, 3],
			"faces": {
				"north": {"uv": [5, 10, 6, 16], "texture": "#all", "tintindex": 0},
				"east": {"uv": [5, 10, 6, 16], "texture": "#all", "tintindex": 0},
				"south": {"uv": [5, 10, 6, 16], "texture": "#all", "tintindex": 0},
				"west": {"uv": [5, 10, 6, 16], "texture": "#all", "tintindex": 0},
				"up": {"uv": [5, 10, 6, 11], "texture": "#all", "tintindex": 0},
				"down": {"uv": [5, 15, 6, 16], "texture": "#all", "tintindex": 0, "cullface": "down"}
			}
		},
		{
			"name": "cube11",
			"from": [13, 0, 5],
			"to": [14, 6, 6],
			"faces": {
				"north": {"uv": [4, 10, 5, 16], "texture": "#all", "tintindex": 0},
				"east": {"uv": [4, 10, 5, 16], "texture": "#all", "tintindex": 0},
				"south": {"uv": [4, 10, 5, 16], "texture": "#all", "tintindex": 0},
				"west": {"uv": [4, 10, 5, 16], "texture": "#all", "tintindex": 0},
				"up": {"uv": [4, 10, 5, 11], "rotation": 90, "texture": "#all", "tintindex": 0},
				"down": {"uv": [4, 15, 5, 16], "rotation": 270, "texture": "#all", "tintindex": 0, "cullface": "down"}
			}
		},
		{
			"name": "cube12",
			"from": [9, 0, 4],
			"to": [10, 13, 5],
			"faces": {
				"north": {"uv": [6, 3, 7, 16], "texture": "#all", "tintindex": 0},
				"east": {"uv": [6, 3, 7, 16], "texture": "#all", "tintindex": 0},
				"south": {"uv": [6, 3, 7, 16], "texture": "#all", "tintindex": 0},
				"west": {"uv": [6, 3, 7, 16], "texture": "#all", "tintindex": 0},
				"up": {"uv": [6, 3, 7, 4], "texture": "#all", "tintindex": 0},
				"down": {"uv": [6, 15, 7, 16], "texture": "#all", "tintindex": 0, "cullface": "down"}
			}
		},
		{
			"name": "cube13",
			"from": [8, 0, 2],
			"to": [9, 15, 3],
			"faces": {
				"north": {"uv": [7, 1, 8, 16], "texture": "#all", "tintindex": 0},
				"east": {"uv": [7, 1, 8, 16], "texture": "#all", "tintindex": 0},
				"south": {"uv": [7, 1, 8, 16], "texture": "#all", "tintindex": 0},
				"west": {"uv": [7, 1, 8, 16], "texture": "#all", "tintindex": 0},
				"up": {"uv": [7, 1, 8, 2], "texture": "#all", "tintindex": 0},
				"down": {"uv": [7, 15, 8, 16], "texture": "#all", "tintindex": 0, "cullface": "down"}
			}
		},
		{
			"name": "cube14",
			"from": [11, 0, 3],
			"to": [12, 11, 4],
			"faces": {
				"north": {"uv": [4, 5, 5, 16], "texture": "#all", "tintindex": 0},
				"east": {"uv": [12, 5, 13, 16], "texture": "#all", "tintindex": 0},
				"south": {"uv": [11, 5, 12, 16], "texture": "#all", "tintindex": 0},
				"west": {"uv": [3, 5, 4, 16], "texture": "#all", "tintindex": 0},
				"up": {"uv": [11, 3, 12, 4], "rotation": 90, "texture": "#all", "tintindex": 0},
				"down": {"uv": [11, 12, 12, 13], "rotation": 270, "texture": "#all", "tintindex": 0, "cullface": "down"}
			}
		},
		{
			"name": "cube15",
			"from": [13, 0, 2],
			"to": [14, 15, 3],
			"faces": {
				"north": {"uv": [2, 1, 3, 16], "texture": "#all", "tintindex": 0},
				"east": {"uv": [2, 1, 3, 16], "texture": "#all", "tintindex": 0},
				"south": {"uv": [2, 1, 3, 16], "texture": "#all", "tintindex": 0},
				"west": {"uv": [2, 1, 3, 16], "texture": "#all", "tintindex": 0},
				"up": {"uv": [2, 1, 3, 2], "rotation": 90, "texture": "#all", "tintindex": 0},
				"down": {"uv": [2, 15, 3, 16], "rotation": 270, "texture": "#all", "tintindex": 0, "cullface": "down"}
			}
		},
		{
			"name": "cube16",
			"from": [2, 0, 13],
			"to": [3, 6, 14],
			"faces": {
				"north": {"uv": [2, 10, 3, 16], "texture": "#all", "tintindex": 0},
				"east": {"uv": [2, 10, 3, 16], "texture": "#all", "tintindex": 0},
				"south": {"uv": [2, 10, 3, 16], "texture": "#all", "tintindex": 0},
				"west": {"uv": [2, 10, 3, 16], "texture": "#all", "tintindex": 0},
				"up": {"uv": [2, 10, 3, 11], "texture": "#all", "tintindex": 0},
				"down": {"uv": [2, 15, 3, 16], "texture": "#all", "tintindex": 0, "cullface": "down"}
			}
		},
		{
			"name": "cube17",
			"from": [3, 0, 9],
			"to": [4, 13, 10],
			"faces": {
				"north": {"uv": [9, 3, 10, 16], "texture": "#all", "tintindex": 0},
				"east": {"uv": [9, 3, 10, 16], "texture": "#all", "tintindex": 0},
				"south": {"uv": [9, 3, 10, 16], "texture": "#all", "tintindex": 0},
				"west": {"uv": [9, 3, 10, 16], "texture": "#all", "tintindex": 0},
				"up": {"uv": [9, 3, 10, 4], "texture": "#all", "tintindex": 0},
				"down": {"uv": [9, 15, 10, 16], "texture": "#all", "tintindex": 0, "cullface": "down"}
			}
		},
		{
			"name": "cube18",
			"from": [5, 0, 8],
			"to": [6, 15, 9],
			"faces": {
				"north": {"uv": [5, 1, 6, 16], "texture": "#all", "tintindex": 0},
				"east": {"uv": [5, 1, 6, 16], "texture": "#all", "tintindex": 0},
				"south": {"uv": [5, 1, 6, 16], "texture": "#all", "tintindex": 0},
				"west": {"uv": [5, 1, 6, 16], "texture": "#all", "tintindex": 0},
				"up": {"uv": [5, 1, 6, 2], "texture": "#all", "tintindex": 0},
				"down": {"uv": [5, 15, 6, 16], "texture": "#all", "tintindex": 0, "cullface": "down"}
			}
		},
		{
			"name": "cube19",
			"from": [4, 0, 11],
			"to": [5, 11, 12],
			"faces": {
				"north": {"uv": [4, 5, 5, 16], "texture": "#all", "tintindex": 0},
				"east": {"uv": [4, 5, 5, 16], "texture": "#all", "tintindex": 0},
				"south": {"uv": [4, 5, 5, 16], "texture": "#all", "tintindex": 0},
				"west": {"uv": [4, 5, 5, 16], "texture": "#all", "tintindex": 0},
				"up": {"uv": [4, 5, 5, 6], "texture": "#all", "tintindex": 0},
				"down": {"uv": [4, 15, 5, 16], "texture": "#all", "tintindex": 0, "cullface": "down"}
			}
		},
		{
			"name": "cube20",
			"from": [5, 0, 13],
			"to": [6, 15, 14],
			"faces": {
				"north": {"uv": [2, 1, 3, 16], "texture": "#all", "tintindex": 0},
				"east": {"uv": [2, 1, 3, 16], "texture": "#all", "tintindex": 0},
				"south": {"uv": [2, 1, 3, 16], "texture": "#all", "tintindex": 0},
				"west": {"uv": [2, 1, 3, 16], "texture": "#all", "tintindex": 0},
				"up": {"uv": [2, 1, 3, 2], "texture": "#all", "tintindex": 0},
				"down": {"uv": [2, 15, 3, 16], "texture": "#all", "tintindex": 0, "cullface": "down"}
			}
		}
	]
}