{
	"textures": {
        "all": "block/tall_grass/tall_grass_bottom",
		"particle": "#all", "tintindex": 0
	},
    "display": {
        "gui": {
            "rotation": [ 30, 225, 0 ],
            "translation": [ 0, 0, 0],
            "scale":[ 0.625, 0.625, 0.625 ]
        },
        "ground": {
            "rotation": [ 0, 0, 0 ],
            "translation": [ 0, 3, 0],
            "scale":[ 0.25, 0.25, 0.25 ]
        },
        "fixed": {
            "rotation": [ 0, 0, 0 ],
            "translation": [ 0, 0, 0],
            "scale":[ 0.5, 0.5, 0.5 ]
        },
        "thirdperson_righthand": {
            "rotation": [ 75, 45, 0 ],
            "translation": [ 0, 2.5, 0],
            "scale": [ 0.375, 0.375, 0.375 ]
        },
        "firstperson_righthand": {
            "rotation": [ 0, 45, 0 ],
            "translation": [ 0, 0, 0 ],
            "scale": [ 0.40, 0.40, 0.40 ]
        },
        "firstperson_lefthand": {
            "rotation": [ 0, 225, 0 ],
            "translation": [ 0, 0, 0 ],
            "scale": [ 0.40, 0.40, 0.40 ]
        }
    },
	"elements": [
		{
			"name": "cube1",
			"from": [13, 0, 10],
			"to": [14, 16, 11],
			"faces": {
				"north": {"uv": [10, 0, 11, 16], "texture": "#all", "tintindex": 0},
				"east": {"uv": [10, 0, 11, 16], "texture": "#all", "tintindex": 0},
				"south": {"uv": [10, 0, 11, 16], "texture": "#all", "tintindex": 0},
				"west": {"uv": [10, 0, 11, 16], "texture": "#all", "tintindex": 0},
				"up": {"uv": [10, 0, 11, 1], "texture": "#all", "tintindex": 0, "cullface": "up"},
				"down": {"uv": [10, 15, 11, 16], "texture": "#all", "tintindex": 0}
			}
		},
		{
			"name": "cube2",
			"from": [11, 0, 11],
			"to": [12, 16, 12],
			"faces": {
				"north": {"uv": [11, 0, 12, 16], "texture": "#all", "tintindex": 0},
				"east": {"uv": [11, 0, 12, 16], "texture": "#all", "tintindex": 0},
				"south": {"uv": [11, 0, 12, 16], "texture": "#all", "tintindex": 0},
				"west": {"uv": [11, 0, 12, 16], "texture": "#all", "tintindex": 0},
				"up": {"uv": [11, 0, 12, 1], "texture": "#all", "tintindex": 0, "cullface": "up"},
				"down": {"uv": [11, 15, 12, 16], "texture": "#all", "tintindex": 0}
			}
		},
		{
			"name": "cube3",
			"from": [8, 0, 10],
			"to": [9, 16, 11],
			"faces": {
				"north": {"uv": [10, 0, 11, 16], "texture": "#all", "tintindex": 0},
				"east": {"uv": [10, 0, 11, 16], "texture": "#all", "tintindex": 0},
				"south": {"uv": [10, 0, 11, 16], "texture": "#all", "tintindex": 0},
				"west": {"uv": [10, 0, 11, 16], "texture": "#all", "tintindex": 0},
				"up": {"uv": [10, 0, 11, 1], "texture": "#all", "tintindex": 0, "cullface": "up"},
				"down": {"uv": [10, 15, 11, 16], "texture": "#all", "tintindex": 0}
			}
		},
		{
			"name": "cube4",
			"from": [9, 0, 12],
			"to": [10, 16, 13],
			"faces": {
				"north": {"uv": [12, 0, 13, 16], "texture": "#all", "tintindex": 0},
				"east": {"uv": [12, 0, 13, 16], "texture": "#all", "tintindex": 0},
				"south": {"uv": [12, 0, 13, 16], "texture": "#all", "tintindex": 0},
				"west": {"uv": [12, 0, 13, 16], "texture": "#all", "tintindex": 0},
				"up": {"uv": [13, 0, 14, 1], "texture": "#all", "tintindex": 0, "cullface": "up"},
				"down": {"uv": [12, 15, 13, 16], "texture": "#all", "tintindex": 0}
			}
		},
		{
			"name": "cube5",
			"from": [13, 0, 13],
			"to": [14, 16, 14],
			"faces": {
				"north": {"uv": [13, 0, 14, 16], "texture": "#all", "tintindex": 0},
				"east": {"uv": [13, 0, 14, 16], "texture": "#all", "tintindex": 0},
				"south": {"uv": [13, 0, 14, 16], "texture": "#all", "tintindex": 0},
				"west": {"uv": [13, 0, 14, 16], "texture": "#all", "tintindex": 0},
				"up": {"uv": [13, 0, 14, 1], "texture": "#all", "tintindex": 0, "cullface": "up"},
				"down": {"uv": [13, 15, 14, 16], "texture": "#all", "tintindex": 0}
			}
		},
		{
			"name": "cube6",
			"from": [2, 0, 2],
			"to": [3, 16, 3],
			"faces": {
				"north": {"uv": [2, 0, 3, 16], "texture": "#all", "tintindex": 0},
				"east": {"uv": [2, 0, 3, 16], "texture": "#all", "tintindex": 0},
				"south": {"uv": [2, 0, 3, 16], "texture": "#all", "tintindex": 0},
				"west": {"uv": [2, 0, 3, 16], "texture": "#all", "tintindex": 0},
				"up": {"uv": [2, 0, 3, 1], "texture": "#all", "tintindex": 0, "cullface": "up"},
				"down": {"uv": [2, 15, 3, 16], "texture": "#all", "tintindex": 0}
			}
		},
		{
			"name": "cube7",
			"from": [3, 0, 4],
			"to": [4, 16, 5],
			"faces": {
				"north": {"uv": [4, 0, 5, 16], "texture": "#all", "tintindex": 0},
				"east": {"uv": [4, 0, 5, 16], "texture": "#all", "tintindex": 0},
				"south": {"uv": [4, 0, 5, 16], "texture": "#all", "tintindex": 0},
				"west": {"uv": [4, 0, 5, 16], "texture": "#all", "tintindex": 0},
				"up": {"uv": [4, 0, 5, 1], "texture": "#all", "tintindex": 0, "cullface": "up"},
				"down": {"uv": [4, 15, 5, 16], "texture": "#all", "tintindex": 0}
			}
		},
		{
			"name": "cube8",
			"from": [2, 0, 7],
			"to": [3, 16, 8],
			"faces": {
				"north": {"uv": [7, 0, 8, 16], "texture": "#all", "tintindex": 0},
				"east": {"uv": [7, 0, 8, 16], "texture": "#all", "tintindex": 0},
				"south": {"uv": [7, 0, 8, 16], "texture": "#all", "tintindex": 0},
				"west": {"uv": [7, 0, 8, 16], "texture": "#all", "tintindex": 0},
				"up": {"uv": [7, 0, 8, 1], "texture": "#all", "tintindex": 0, "cullface": "up"},
				"down": {"uv": [7, 15, 8, 16], "texture": "#all", "tintindex": 0}
			}
		},
		{
			"name": "cube9",
			"from": [4, 0, 6],
			"to": [5, 16, 7],
			"faces": {
				"north": {"uv": [6, 0, 7, 16], "texture": "#all", "tintindex": 0},
				"east": {"uv": [6, 0, 7, 16], "texture": "#all", "tintindex": 0},
				"south": {"uv": [6, 0, 7, 16], "texture": "#all", "tintindex": 0},
				"west": {"uv": [6, 0, 7, 16], "texture": "#all", "tintindex": 0},
				"up": {"uv": [6, 0, 7, 1], "texture": "#all", "tintindex": 0, "cullface": "up"},
				"down": {"uv": [6, 15, 7, 16], "texture": "#all", "tintindex": 0}
			}
		},
		{
			"name": "cube10",
			"from": [5, 0, 2],
			"to": [6, 16, 3],
			"faces": {
				"north": {"uv": [2, 0, 3, 16], "texture": "#all", "tintindex": 0},
				"east": {"uv": [2, 0, 3, 16], "texture": "#all", "tintindex": 0},
				"south": {"uv": [2, 0, 3, 16], "texture": "#all", "tintindex": 0},
				"west": {"uv": [2, 0, 3, 16], "texture": "#all", "tintindex": 0},
				"up": {"uv": [2, 0, 3, 1], "texture": "#all", "tintindex": 0, "cullface": "up"},
				"down": {"uv": [2, 15, 3, 16], "texture": "#all", "tintindex": 0}
			}
		},
		{
			"name": "cube11",
			"from": [13, 0, 5],
			"to": [14, 16, 6],
			"faces": {
				"north": {"uv": [5, 0, 6, 16], "texture": "#all", "tintindex": 0},
				"east": {"uv": [5, 0, 6, 16], "texture": "#all", "tintindex": 0},
				"south": {"uv": [5, 0, 6, 16], "texture": "#all", "tintindex": 0},
				"west": {"uv": [5, 0, 6, 16], "texture": "#all", "tintindex": 0},
				"up": {"uv": [5, 0, 6, 1], "texture": "#all", "tintindex": 0, "cullface": "up"},
				"down": {"uv": [5, 15, 6, 16], "texture": "#all", "tintindex": 0}
			}
		},
		{
			"name": "cube12",
			"from": [9, 0, 4],
			"to": [10, 16, 5],
			"faces": {
				"north": {"uv": [4, 0, 5, 16], "texture": "#all", "tintindex": 0},
				"east": {"uv": [4, 0, 5, 16], "texture": "#all", "tintindex": 0},
				"south": {"uv": [4, 0, 5, 16], "texture": "#all", "tintindex": 0},
				"west": {"uv": [4, 0, 5, 16], "texture": "#all", "tintindex": 0},
				"up": {"uv": [4, 0, 5, 1], "texture": "#all", "tintindex": 0, "cullface": "up"},
				"down": {"uv": [4, 15, 5, 16], "texture": "#all", "tintindex": 0}
			}
		},
		{
			"name": "cube13",
			"from": [8, 0, 2],
			"to": [9, 16, 3],
			"faces": {
				"north": {"uv": [2, 0, 3, 16], "texture": "#all", "tintindex": 0},
				"east": {"uv": [2, 0, 3, 16], "texture": "#all", "tintindex": 0},
				"south": {"uv": [2, 0, 3, 16], "texture": "#all", "tintindex": 0},
				"west": {"uv": [2, 0, 3, 16], "texture": "#all", "tintindex": 0},
				"up": {"uv": [2, 0, 3, 1], "texture": "#all", "tintindex": 0, "cullface": "up"},
				"down": {"uv": [2, 15, 3, 16], "texture": "#all", "tintindex": 0}
			}
		},
		{
			"name": "cube14",
			"from": [11, 0, 3],
			"to": [12, 16, 4],
			"faces": {
				"north": {"uv": [3, 0, 4, 16], "texture": "#all", "tintindex": 0},
				"east": {"uv": [3, 0, 4, 16], "texture": "#all", "tintindex": 0},
				"south": {"uv": [3, 0, 4, 16], "texture": "#all", "tintindex": 0},
				"west": {"uv": [3, 0, 4, 16], "texture": "#all", "tintindex": 0},
				"up": {"uv": [3, 0, 4, 1], "texture": "#all", "tintindex": 0, "cullface": "up"},
				"down": {"uv": [3, 15, 4, 16], "texture": "#all", "tintindex": 0}
			}
		},
		{
			"name": "cube15",
			"from": [13, 0, 2],
			"to": [14, 16, 3],
			"faces": {
				"north": {"uv": [2, 0, 3, 16], "texture": "#all", "tintindex": 0},
				"east": {"uv": [2, 0, 3, 16], "texture": "#all", "tintindex": 0},
				"south": {"uv": [2, 0, 3, 16], "texture": "#all", "tintindex": 0},
				"west": {"uv": [2, 0, 3, 16], "texture": "#all", "tintindex": 0},
				"up": {"uv": [2, 0, 3, 1], "texture": "#all", "tintindex": 0, "cullface": "up"},
				"down": {"uv": [2, 15, 3, 16], "texture": "#all", "tintindex": 0}
			}
		},
		{
			"name": "cube16",
			"from": [2, 0, 13],
			"to": [3, 16, 14],
			"faces": {
				"north": {"uv": [2, 0, 3, 16], "texture": "#all", "tintindex": 0},
				"east": {"uv": [2, 0, 3, 16], "texture": "#all", "tintindex": 0},
				"south": {"uv": [2, 0, 3, 16], "texture": "#all", "tintindex": 0},
				"west": {"uv": [2, 0, 3, 16], "texture": "#all", "tintindex": 0},
				"up": {"uv": [2, 0, 3, 1], "texture": "#all", "tintindex": 0, "cullface": "up"},
				"down": {"uv": [2, 15, 3, 16], "texture": "#all", "tintindex": 0}
			}
		},
		{
			"name": "cube17",
			"from": [3, 0, 9],
			"to": [4, 16, 10],
			"faces": {
				"north": {"uv": [9, 0, 10, 16], "texture": "#all", "tintindex": 0},
				"east": {"uv": [9, 0, 10, 16], "texture": "#all", "tintindex": 0},
				"south": {"uv": [9, 0, 10, 16], "texture": "#all", "tintindex": 0},
				"west": {"uv": [9, 0, 10, 16], "texture": "#all", "tintindex": 0},
				"up": {"uv": [9, 0, 10, 1], "texture": "#all", "tintindex": 0, "cullface": "up"},
				"down": {"uv": [9, 15, 10, 16], "texture": "#all", "tintindex": 0}
			}
		},
		{
			"name": "cube18",
			"from": [5, 0, 8],
			"to": [6, 16, 9],
			"faces": {
				"north": {"uv": [8, 0, 9, 16], "texture": "#all", "tintindex": 0},
				"east": {"uv": [8, 0, 9, 16], "texture": "#all", "tintindex": 0},
				"south": {"uv": [8, 0, 9, 16], "texture": "#all", "tintindex": 0},
				"west": {"uv": [8, 0, 9, 16], "texture": "#all", "tintindex": 0},
				"up": {"uv": [8, 0, 9, 1], "texture": "#all", "tintindex": 0, "cullface": "up"},
				"down": {"uv": [8, 15, 9, 16], "texture": "#all", "tintindex": 0}
			}
		},
		{
			"name": "cube19",
			"from": [4, 0, 11],
			"to": [5, 16, 12],
			"faces": {
				"north": {"uv": [11, 0, 12, 16], "texture": "#all", "tintindex": 0},
				"east": {"uv": [11, 0, 12, 16], "texture": "#all", "tintindex": 0},
				"south": {"uv": [11, 0, 12, 16], "texture": "#all", "tintindex": 0},
				"west": {"uv": [11, 0, 12, 16], "texture": "#all", "tintindex": 0},
				"up": {"uv": [11, 0, 12, 1], "texture": "#all", "tintindex": 0, "cullface": "up"},
				"down": {"uv": [11, 15, 12, 16], "texture": "#all", "tintindex": 0}
			}
		},
		{
			"name": "cube20",
			"from": [5, 0, 13],
			"to": [6, 16, 14],
			"faces": {
				"north": {"uv": [13, 0, 14, 16], "texture": "#all", "tintindex": 0},
				"east": {"uv": [13, 0, 14, 16], "texture": "#all", "tintindex": 0},
				"south": {"uv": [13, 0, 14, 16], "texture": "#all", "tintindex": 0},
				"west": {"uv": [13, 0, 14, 16], "texture": "#all", "tintindex": 0},
				"up": {"uv": [13, 0, 14, 1], "texture": "#all", "tintindex": 0, "cullface": "up"},
				"down": {"uv": [13, 15, 14, 16], "texture": "#all", "tintindex": 0}
			}
		}
	]
}