{
    "ambientocclusion": false,
	"textures": {
        "all": "block/acacia_leaves/acacia_leaves",
		"particle": "#all"
	},
    "display": {
        "gui": {
            "rotation": [ 30, 225, 0 ],
            "translation": [ 0, 0, 0],
            "scale":[ 0.625, 0.625, 0.625 ]
        },
        "ground": {
            "rotation": [ 0, 0, 0 ],
            "translation": [ 0, 3, 0],
            "scale":[ 0.25, 0.25, 0.25 ]
        },
        "fixed": {
            "rotation": [ 0, 0, 0 ],
            "translation": [ 0, 0, 0],
            "scale":[ 0.5, 0.5, 0.5 ]
        },
        "thirdperson_righthand": {
            "rotation": [ 75, 45, 0 ],
            "translation": [ 0, 2.5, 0],
            "scale": [ 0.375, 0.375, 0.375 ]
        },
        "firstperson_righthand": {
            "rotation": [ 0, 45, 0 ],
            "translation": [ 0, 0, 0 ],
            "scale": [ 0.40, 0.40, 0.40 ]
        },
        "firstperson_lefthand": {
            "rotation": [ 0, 225, 0 ],
            "translation": [ 0, 0, 0 ],
            "scale": [ 0.40, 0.40, 0.40 ]
        }
    },
	"elements": [
		{
			"name": "nwtg1",
			"from": [12.2, 11.2, 12.2],
			"to": [20.2, 19.2, 20.2],
			"rotation": {"angle": 0, "axis": "y", "origin": [8, 9, 8]},
			"faces": {
				"north": {"uv": [0, 8, 8, 16], "texture": "#all", "tintindex": 0},
				"east": {"uv": [8, 0, 16, 8], "texture": "#all", "tintindex": 0},
				"south": {"uv": [0, 0, 8, 8], "texture": "#all", "tintindex": 0},
				"west": {"uv": [8, 8, 16, 16], "texture": "#all", "tintindex": 0},
				"up": {"uv": [4, 4, 12, 12], "texture": "#all", "tintindex": 0},
				"down": {"uv": [4, 4, 12, 12], "texture": "#all", "tintindex": 0}
			}
		},
		{
			"name": "nwtg2",
			"from": [12.3, -2.7, -1.7],
			"to": [20.3, 5.3, 6.3],
			"faces": {
				"north": {"uv": [8, 8, 0, 0], "texture": "#all", "tintindex": 0},
				"east": {"uv": [16, 8, 8, 0], "texture": "#all", "tintindex": 0},
				"south": {"uv": [8, 16, 0, 8], "texture": "#all", "tintindex": 0},
				"west": {"uv": [16, 16, 8, 8], "texture": "#all", "tintindex": 0},
				"up": {"uv": [4, 4, 12, 12], "texture": "#all", "tintindex": 0},
				"down": {"uv": [4, 4, 12, 12], "texture": "#all", "tintindex": 0}
			}
		},
		{
			"name": "nwtg3",
			"from": [-1.9, 11.1, -1.9],
			"to": [6.1, 19.1, 6.1],
			"faces": {
				"north": {"uv": [0, 0, 8, 8], "texture": "#all", "tintindex": 0},
				"east": {"uv": [8, 8, 16, 16], "texture": "#all", "tintindex": 0},
				"south": {"uv": [0, 8, 8, 16], "texture": "#all", "tintindex": 0},
				"west": {"uv": [8, 0, 16, 8], "texture": "#all", "tintindex": 0},
				"up": {"uv": [12, 12, 4, 4], "texture": "#all", "tintindex": 0},
				"down": {"uv": [12, 12, 4, 4], "texture": "#all", "tintindex": 0}
			}
		},
		{
			"name": "nwtg4",
			"from": [3.2, 3.2, 3.2],
			"to": [17.2, 17.2, 17.2],
			"rotation": {"angle": 0, "axis": "y", "origin": [9, 10, 9]},
			"faces": {
				"north": {"uv": [1, 1, 15, 15], "texture": "#all", "tintindex": 0},
				"east": {"uv": [1, 1, 15, 15], "texture": "#all", "tintindex": 0},
				"south": {"uv": [1, 1, 15, 15], "texture": "#all", "tintindex": 0},
				"west": {"uv": [1, 1, 15, 15], "texture": "#all", "tintindex": 0},
				"up": {"uv": [1, 1, 15, 15], "texture": "#all", "tintindex": 0},
				"down": {"uv": [1, 1, 15, 15], "texture": "#all", "tintindex": 0}
			}
		}
	]
}