{
	"textures": {
		"wood": "block/jungle_sapling/jungle_sapling_wood",
		"leaves": "block/jungle_sapling/jungle_sapling_leaves",
		"particle": "#leaves"
	},
    "display": {
        "gui": {
            "rotation": [ 30, 225, 0 ],
            "translation": [ 0, 0, 0],
            "scale":[ 0.625, 0.625, 0.625 ]
        },
        "ground": {
            "rotation": [ 0, 0, 0 ],
            "translation": [ 0, 3, 0],
            "scale":[ 0.25, 0.25, 0.25 ]
        },
        "fixed": {
            "rotation": [ 0, 0, 0 ],
            "translation": [ 0, 0, 0],
            "scale":[ 0.5, 0.5, 0.5 ]
        },
        "thirdperson_righthand": {
            "rotation": [ 75, 45, 0 ],
            "translation": [ 0, 2.5, 0],
            "scale": [ 0.375, 0.375, 0.375 ]
        },
        "firstperson_righthand": {
            "rotation": [ 0, 45, 0 ],
            "translation": [ 0, 0, 0 ],
            "scale": [ 0.40, 0.40, 0.40 ]
        },
        "firstperson_lefthand": {
            "rotation": [ 0, 225, 0 ],
            "translation": [ 0, 0, 0 ],
            "scale": [ 0.40, 0.40, 0.40 ]
        }
    },
	"elements": [
		{
			"name": "nwtg1",
			"from": [6, 0, 6],
			"to": [10, 2, 10],
			"faces": {
				"north": {"uv": [6, 14, 10, 16], "texture": "#wood"},
				"east": {"uv": [6, 14, 10, 16], "texture": "#wood"},
				"south": {"uv": [6, 14, 10, 16], "texture": "#wood"},
				"west": {"uv": [6, 14, 10, 16], "texture": "#wood"},
				"up": {"uv": [6, 6, 10, 10], "rotation": 90, "texture": "#wood"},
				"down": {"uv": [6, 6, 10, 10], "rotation": 270, "texture": "#wood"}
			}
		},
		{
			"name": "nwtg2",
			"from": [7, 2, 7],
			"to": [9, 14, 9],
			"faces": {
				"north": {"uv": [7, 2, 9, 14], "texture": "#wood"},
				"east": {"uv": [7, 2, 9, 14], "texture": "#wood"},
				"south": {"uv": [7, 2, 9, 14], "texture": "#wood"},
				"west": {"uv": [7, 2, 9, 14], "texture": "#wood"},
				"up": {"uv": [7, 7, 9, 9], "rotation": 90, "texture": "#wood"},
				"down": {"uv": [7, 7, 9, 9], "rotation": 270, "texture": "#wood"}
			}
		},
		{
			"name": "nwtg3",
			"from": [6, 13, 6],
			"to": [10, 15, 10],
			"faces": {
				"north": {"uv": [6, 1, 10, 3], "texture": "#leaves"},
				"east": {"uv": [6, 1, 10, 3], "texture": "#leaves"},
				"south": {"uv": [6, 1, 10, 3], "texture": "#leaves"},
				"west": {"uv": [6, 1, 10, 3], "texture": "#leaves"},
				"up": {"uv": [6, 6, 10, 10], "rotation": 90, "texture": "#leaves"},
				"down": {"uv": [6, 6, 10, 10], "rotation": 270, "texture": "#leaves"}
			}
		},
		{
			"name": "nwtg4",
			"from": [5, 11, 5],
			"to": [11, 13, 11],
			"faces": {
				"north": {"uv": [5, 3, 11, 5], "texture": "#leaves"},
				"east": {"uv": [5, 3, 11, 5], "texture": "#leaves"},
				"south": {"uv": [5, 3, 11, 5], "texture": "#leaves"},
				"west": {"uv": [5, 3, 11, 5], "texture": "#leaves"},
				"up": {"uv": [5, 5, 11, 11], "rotation": 90, "texture": "#leaves"},
				"down": {"uv": [5, 5, 11, 11], "rotation": 270, "texture": "#leaves"}
			}
		},
		{
			"name": "nwtg5",
			"from": [5, 7, 5],
			"to": [7, 9, 11],
			"faces": {
				"north": {"uv": [9, 7, 11, 9], "texture": "#leaves"},
				"east": {"uv": [5, 7, 11, 9], "texture": "#leaves"},
				"south": {"uv": [5, 7, 7, 9], "texture": "#leaves"},
				"west": {"uv": [5, 7, 11, 9], "texture": "#leaves"},
				"up": {"uv": [5, 5, 7, 11], "rotation": 90, "texture": "#leaves"},
				"down": {"uv": [5, 5, 7, 11], "rotation": 270, "texture": "#leaves"}
			}
		},
		{
			"name": "nwtg7",
			"from": [3, 7, 7],
			"to": [5, 9, 9],
			"faces": {
				"north": {"uv": [11, 7, 13, 9], "texture": "#leaves"},
				"east": {"uv": [7, 7, 9, 9], "texture": "#leaves"},
				"south": {"uv": [3, 7, 5, 9], "texture": "#leaves"},
				"west": {"uv": [7, 7, 9, 9], "texture": "#leaves"},
				"up": {"uv": [3, 7, 5, 9], "rotation": 90, "texture": "#leaves"},
				"down": {"uv": [3, 7, 5, 9], "rotation": 270, "texture": "#leaves"}
			}
		}
	]
}