{
	"textures": {
		"all": "block/grass/grass3",
		"particle": "#all"
	},
    "display": {
        "gui": {
            "rotation": [ 30, 225, 0 ],
            "translation": [ 0, 0, 0],
            "scale":[ 0.625, 0.625, 0.625 ]
        },
        "ground": {
            "rotation": [ 0, 0, 0 ],
            "translation": [ 0, 3, 0],
            "scale":[ 0.25, 0.25, 0.25 ]
        },
        "fixed": {
            "rotation": [ 0, 0, 0 ],
            "translation": [ 0, 0, 0],
            "scale":[ 0.5, 0.5, 0.5 ]
        },
        "thirdperson_righthand": {
            "rotation": [ 75, 45, 0 ],
            "translation": [ 0, 2.5, 0],
            "scale": [ 0.375, 0.375, 0.375 ]
        },
        "firstperson_righthand": {
            "rotation": [ 0, 45, 0 ],
            "translation": [ 0, 0, 0 ],
            "scale": [ 0.40, 0.40, 0.40 ]
        },
        "firstperson_lefthand": {
            "rotation": [ 0, 225, 0 ],
            "translation": [ 0, 0, 0 ],
            "scale": [ 0.40, 0.40, 0.40 ]
        }
    },
	"elements": [
		{
			"from": [9, 0, 6],
			"to": [10, 12, 10],
			"rotation": {"angle": -45, "axis": "z", "origin": [10, 0, 8]},
			"faces": {
				"north": {"uv": [0, 0, 1, 12], "texture": "#all", "tintindex": 0},
				"east": {"uv": [4, 0, 0, 12], "texture": "#all", "tintindex": 0},
				"south": {"uv": [3, 0, 4, 12], "texture": "#all", "tintindex": 0},
				"west": {"uv": [0, 0, 4, 12], "texture": "#all", "tintindex": 0},
				"up": {"uv": [0, 0, 4, 1], "rotation": 90, "texture": "#all", "tintindex": 0},
				"down": {"uv": [0, 11, 4, 12], "rotation": 270, "texture": "#all", "tintindex": 0}
			}
		},
		{
			"from": [6, 0, 6],
			"to": [7, 12, 10],
			"rotation": {"angle": 45, "axis": "z", "origin": [6, 0, 8]},
			"faces": {
				"north": {"uv": [3, 0, 4, 12], "texture": "#all", "tintindex": 0},
				"east": {"uv": [0, 0, 4, 12], "texture": "#all", "tintindex": 0},
				"south": {"uv": [0, 0, 1, 12], "texture": "#all", "tintindex": 0},
				"west": {"uv": [4, 0, 0, 12], "texture": "#all", "tintindex": 0},
				"up": {"uv": [4, 0, 0, 1], "rotation": 90, "texture": "#all", "tintindex": 0},
				"down": {"uv": [4, 11, 0, 12], "rotation": 270, "texture": "#all", "tintindex": 0}
			}
		},
		{
			"from": [9, 0, 7],
			"to": [10, 12, 9],
			"rotation": {"angle": -22.5, "axis": "z", "origin": [10, 0, 8]},
			"faces": {
				"north": {"uv": [1, 0, 2, 12], "texture": "#all", "tintindex": 0},
				"east": {"uv": [3, 0, 1, 12], "texture": "#all", "tintindex": 0},
				"south": {"uv": [2, 0, 3, 12], "texture": "#all", "tintindex": 0},
				"west": {"uv": [1, 0, 3, 12], "texture": "#all", "tintindex": 0},
				"up": {"uv": [1, 0, 3, 1], "rotation": 90, "texture": "#all", "tintindex": 0},
				"down": {"uv": [1, 11, 3, 12], "rotation": 270, "texture": "#all", "tintindex": 0}
			}
		},
		{
			"from": [6, 0, 7],
			"to": [7, 12, 9],
			"rotation": {"angle": 22.5, "axis": "z", "origin": [6, 0, 8]},
			"faces": {
				"north": {"uv": [2, 0, 3, 12], "texture": "#all", "tintindex": 0},
				"east": {"uv": [1, 0, 3, 12], "texture": "#all", "tintindex": 0},
				"south": {"uv": [1, 0, 2, 12], "texture": "#all", "tintindex": 0},
				"west": {"uv": [3, 0, 1, 12], "texture": "#all", "tintindex": 0},
				"up": {"uv": [3, 0, 1, 1], "rotation": 90, "texture": "#all", "tintindex": 0},
				"down": {"uv": [3, 11, 1, 12], "rotation": 270, "texture": "#all", "tintindex": 0}
			}
		},
		{
			"from": [6, 0, 6],
			"to": [10, 12, 7],
			"rotation": {"angle": -45, "axis": "x", "origin": [8, 0, 6]},
			"faces": {
				"north": {"uv": [4, 0, 0, 12], "texture": "#all", "tintindex": 0},
				"east": {"uv": [3, 0, 4, 12], "texture": "#all", "tintindex": 0},
				"south": {"uv": [0, 0, 4, 12], "texture": "#all", "tintindex": 0},
				"west": {"uv": [0, 0, 1, 12], "texture": "#all", "tintindex": 0},
				"up": {"uv": [4, 0, 0, 1], "texture": "#all", "tintindex": 0},
				"down": {"uv": [0, 11, 4, 12], "texture": "#all", "tintindex": 0}
			}
		},
		{
			"from": [6, 0, 9],
			"to": [10, 12, 10],
			"rotation": {"angle": 45, "axis": "x", "origin": [8, 0, 10]},
			"faces": {
				"north": {"uv": [0, 0, 4, 12], "texture": "#all", "tintindex": 0},
				"east": {"uv": [0, 0, 1, 12], "texture": "#all", "tintindex": 0},
				"south": {"uv": [4, 0, 0, 12], "texture": "#all", "tintindex": 0},
				"west": {"uv": [3, 0, 4, 12], "texture": "#all", "tintindex": 0},
				"up": {"uv": [4, 0, 0, 1], "texture": "#all", "tintindex": 0},
				"down": {"uv": [4, 11, 0, 12], "texture": "#all", "tintindex": 0}
			}
		},
		{
			"from": [7, 0, 6],
			"to": [9, 12, 7],
			"rotation": {"angle": -22.5, "axis": "x", "origin": [8, 0, 6]},
			"faces": {
				"north": {"uv": [3, 0, 1, 12], "texture": "#all", "tintindex": 0},
				"east": {"uv": [2, 0, 3, 12], "texture": "#all", "tintindex": 0},
				"south": {"uv": [1, 0, 3, 12], "texture": "#all", "tintindex": 0},
				"west": {"uv": [1, 0, 2, 12], "texture": "#all", "tintindex": 0},
				"up": {"uv": [1, 0, 3, 1], "texture": "#all", "tintindex": 0},
				"down": {"uv": [1, 11, 3, 12], "texture": "#all", "tintindex": 0}
			}
		},
		{
			"from": [7, 0, 9],
			"to": [9, 12, 10],
			"rotation": {"angle": 22.5, "axis": "x", "origin": [8, 0, 10]},
			"faces": {
				"north": {"uv": [1, 0, 3, 12], "texture": "#all", "tintindex": 0},
				"east": {"uv": [1, 0, 2, 12], "texture": "#all", "tintindex": 0},
				"south": {"uv": [3, 0, 1, 12], "texture": "#all", "tintindex": 0},
				"west": {"uv": [2, 0, 3, 12], "texture": "#all", "tintindex": 0},
				"up": {"uv": [3, 0, 1, 1], "texture": "#all", "tintindex": 0},
				"down": {"uv": [3, 11, 1, 12], "texture": "#all", "tintindex": 0}
			}
		},
		{
			"from": [7, 0, 7],
			"to": [9, 10, 9],
			"rotation": {"angle": 0, "axis": "y", "origin": [15, 8, 16]},
			"faces": {
				"north": {"uv": [1, 0, 3, 10], "texture": "#all", "tintindex": 0},
				"east": {"uv": [3, 0, 1, 10], "texture": "#all", "tintindex": 0},
				"south": {"uv": [1, 0, 3, 10], "texture": "#all", "tintindex": 0},
				"west": {"uv": [3, 0, 1, 10], "texture": "#all", "tintindex": 0},
				"up": {"uv": [1, 0, 3, 2], "texture": "#all", "tintindex": 0},
				"down": {"uv": [1, 0, 3, 2], "texture": "#all", "tintindex": 0}
			}
		}
	]
}