{
	"textures": {
		"all": "block/grass/grass2",
        "wood": "block/grass/grass2b",
		"particle": "#all"
	},
    "display": {
        "gui": {
            "rotation": [ 30, 225, 0 ],
            "translation": [ 0, 0, 0],
            "scale":[ 0.625, 0.625, 0.625 ]
        },
        "ground": {
            "rotation": [ 0, 0, 0 ],
            "translation": [ 0, 3, 0],
            "scale":[ 0.25, 0.25, 0.25 ]
        },
        "fixed": {
            "rotation": [ 0, 0, 0 ],
            "translation": [ 0, 0, 0],
            "scale":[ 0.5, 0.5, 0.5 ]
        },
        "thirdperson_righthand": {
            "rotation": [ 75, 45, 0 ],
            "translation": [ 0, 2.5, 0],
            "scale": [ 0.375, 0.375, 0.375 ]
        },
        "firstperson_righthand": {
            "rotation": [ 0, 45, 0 ],
            "translation": [ 0, 0, 0 ],
            "scale": [ 0.40, 0.40, 0.40 ]
        },
        "firstperson_lefthand": {
            "rotation": [ 0, 225, 0 ],
            "translation": [ 0, 0, 0 ],
            "scale": [ 0.40, 0.40, 0.40 ]
        }
    },
	"elements": [
		{
			"from": [2, 5, 2],
			"to": [10, 11, 10],
			"rotation": {"angle": 0, "axis": "y", "origin": [10, 13, 10]},
			"faces": {
				"north": {"uv": [6, 5, 14, 11], "texture": "#all", "tintindex": 0},
				"east": {"uv": [6, 5, 14, 11], "texture": "#all", "tintindex": 0},
				"south": {"uv": [2, 5, 10, 11], "texture": "#all", "tintindex": 0},
				"west": {"uv": [2, 5, 10, 11], "texture": "#all", "tintindex": 0},
				"up": {"uv": [2, 2, 10, 10], "texture": "#all", "tintindex": 0},
				"down": {"uv": [2, 6, 10, 14], "texture": "#all", "tintindex": 0}
			}
		},
		{
			"from": [5, 12, 5],
			"to": [13, 16, 13],
			"rotation": {"angle": 0, "axis": "y", "origin": [12, 10, 13]},
			"faces": {
				"north": {"uv": [3, 0, 11, 4], "texture": "#all", "tintindex": 0},
				"east": {"uv": [3, 0, 11, 4], "texture": "#all", "tintindex": 0},
				"south": {"uv": [5, 0, 13, 4], "texture": "#all", "tintindex": 0},
				"west": {"uv": [5, 0, 13, 4], "texture": "#all", "tintindex": 0},
				"up": {"uv": [5, 5, 13, 13], "texture": "#all", "tintindex": 0},
				"down": {"uv": [5, 3, 13, 11], "texture": "#all", "tintindex": 0}
			}
		},
		{
			"from": [4, 4, 4],
			"to": [14, 14, 14],
			"rotation": {"angle": 0, "axis": "y", "origin": [12, 12, 12]},
			"faces": {
				"north": {"uv": [2, 2, 12, 12], "texture": "#all", "tintindex": 0},
				"east": {"uv": [2, 2, 12, 12], "texture": "#all", "tintindex": 0},
				"south": {"uv": [4, 2, 14, 12], "texture": "#all", "tintindex": 0},
				"west": {"uv": [4, 2, 14, 12], "texture": "#all", "tintindex": 0},
				"up": {"uv": [4, 4, 14, 14], "texture": "#all", "tintindex": 0},
				"down": {"uv": [4, 2, 14, 12], "texture": "#all", "tintindex": 0}
			}
		},
		{
			"from": [8, 2, 8],
			"to": [10, 4, 10],
			"rotation": {"angle": 0, "axis": "y", "origin": [13, 2, 13]},
			"faces": {
				"north": {"uv": [1, 0, 3, 2], "texture": "#wood"},
				"east": {"uv": [1, 0, 3, 2], "texture": "#wood"},
				"south": {"uv": [1, 0, 3, 2], "texture": "#wood"},
				"west": {"uv": [1, 0, 3, 2], "texture": "#wood"}
			}
		},
		{
			"from": [7, 0, 7],
			"to": [11, 2, 11],
			"rotation": {"angle": 0, "axis": "y", "origin": [14, 0, 13]},
			"faces": {
				"north": {"uv": [0, 2, 4, 4], "texture": "#wood"},
				"east": {"uv": [0, 2, 4, 4], "texture": "#wood"},
				"south": {"uv": [0, 2, 4, 4], "texture": "#wood"},
				"west": {"uv": [0, 2, 4, 4], "texture": "#wood"},
				"up": {"uv": [0, 0, 4, 4], "texture": "#wood"},
				"down": {"uv": [4, 0, 8, 4], "texture": "#wood"}
			}
		}
	]
}