{
	"textures": {
		"leaves": "block/dark_oak_sapling/dark_oak_sapling_leaves",
		"particle": "#leaves",
		"wood": "block/dark_oak_sapling/dark_oak_sapling_log"
	},
    "display": {
        "gui": {
            "rotation": [ 30, 225, 0 ],
            "translation": [ 0, 0, 0],
            "scale":[ 0.625, 0.625, 0.625 ]
        },
        "ground": {
            "rotation": [ 0, 0, 0 ],
            "translation": [ 0, 3, 0],
            "scale":[ 0.25, 0.25, 0.25 ]
        },
        "fixed": {
            "rotation": [ 0, 0, 0 ],
            "translation": [ 0, 0, 0],
            "scale":[ 0.5, 0.5, 0.5 ]
        },
        "thirdperson_righthand": {
            "rotation": [ 75, 45, 0 ],
            "translation": [ 0, 2.5, 0],
            "scale": [ 0.375, 0.375, 0.375 ]
        },
        "firstperson_righthand": {
            "rotation": [ 0, 45, 0 ],
            "translation": [ 0, 0, 0 ],
            "scale": [ 0.40, 0.40, 0.40 ]
        },
        "firstperson_lefthand": {
            "rotation": [ 0, 225, 0 ],
            "translation": [ 0, 0, 0 ],
            "scale": [ 0.40, 0.40, 0.40 ]
        }
    },
	"elements": [
		{
			"name": "nwtg1",
			"from": [6, 0, 6],
			"to": [12, 2, 12],
			"rotation": {"angle": 0, "axis": "x", "origin": [9, 8, 9]},
			"faces": {
				"north": {"uv": [5, 14, 11, 16], "texture": "#wood"},
				"east": {"uv": [5, 14, 11, 16], "texture": "#wood"},
				"south": {"uv": [5, 14, 11, 16], "texture": "#wood"},
				"west": {"uv": [5, 14, 11, 16], "texture": "#wood"},
				"up": {"uv": [5, 5, 11, 11], "texture": "#wood"},
				"down": {"uv": [5, 5, 11, 11], "texture": "#wood"}
			}
		},
		{
			"name": "nwtg2",
			"from": [7, 2, 7],
			"to": [11, 12, 11],
			"rotation": {"angle": 0, "axis": "y", "origin": [9, 8, 9]},
			"faces": {
				"north": {"uv": [5, 4, 9, 14], "texture": "#wood"},
				"east": {"uv": [6, 4, 10, 14], "texture": "#wood"},
				"south": {"uv": [7, 4, 11, 14], "texture": "#wood"},
				"west": {"uv": [6, 4, 10, 14], "texture": "#wood"},
				"up": {"uv": [7, 6, 11, 10], "texture": "#wood"},
				"down": {"uv": [7, 6, 11, 10], "texture": "#wood"}
			}
		},
		{
			"name": "nwtg3",
			"from": [3, 13, 3],
			"to": [11, 15, 11],
			"rotation": {"angle": 0, "axis": "y", "origin": [7, 8, 7]},
			"faces": {
				"north": {"uv": [4, 1, 12, 3], "texture": "#leaves"},
				"east": {"uv": [4, 1, 12, 3], "texture": "#leaves"},
				"south": {"uv": [4, 1, 12, 3], "texture": "#leaves"},
				"west": {"uv": [4, 1, 12, 3], "texture": "#leaves"},
				"up": {"uv": [4, 4, 12, 12], "texture": "#leaves"},
				"down": {"uv": [4, 4, 12, 12], "texture": "#leaves"}
			}
		},
		{
			"name": "nwtg4",
			"from": [2, 10, 2],
			"to": [12, 13, 12],
			"rotation": {"angle": 0, "axis": "y", "origin": [7, 8, 7]},
			"faces": {
				"north": {"uv": [3, 3, 13, 6], "texture": "#leaves"},
				"east": {"uv": [3, 3, 13, 6], "texture": "#leaves"},
				"south": {"uv": [3, 3, 13, 6], "texture": "#leaves"},
				"west": {"uv": [3, 3, 13, 6], "texture": "#leaves"},
				"up": {"uv": [3, 3, 13, 13], "texture": "#leaves"},
				"down": {"uv": [3, 3, 13, 13], "texture": "#leaves"}
			}
		},
		{
			"name": "nwtg5",
			"from": [5, 15, 5],
			"to": [9, 16, 9],
			"rotation": {"angle": 0, "axis": "y", "origin": [7, 8, 7]},
			"faces": {
				"north": {"uv": [6, 0, 10, 1], "texture": "#leaves"},
				"east": {"uv": [6, 0, 10, 1], "texture": "#leaves"},
				"south": {"uv": [6, 0, 10, 1], "texture": "#leaves"},
				"west": {"uv": [6, 0, 10, 1], "texture": "#leaves"},
				"up": {"uv": [6, 6, 10, 10], "texture": "#leaves"},
				"down": {"uv": [6, 6, 10, 10], "texture": "#leaves"}
			}
		}
	]
}