{
	"textures": {
		"leaves": "block/acacia_sapling/acacia_sapling_leaves",
        "particle": "#leaves",
		"wood": "block/acacia_sapling/acacia_sapling_wood"
	},
    "display": {
        "gui": {
            "rotation": [ 30, 225, 0 ],
            "translation": [ 0, 0, 0],
            "scale":[ 0.625, 0.625, 0.625 ]
        },
        "ground": {
            "rotation": [ 0, 0, 0 ],
            "translation": [ 0, 3, 0],
            "scale":[ 0.25, 0.25, 0.25 ]
        },
        "fixed": {
            "rotation": [ 0, 0, 0 ],
            "translation": [ 0, 0, 0],
            "scale":[ 0.5, 0.5, 0.5 ]
        },
        "thirdperson_righthand": {
            "rotation": [ 75, 45, 0 ],
            "translation": [ 0, 2.5, 0],
            "scale": [ 0.375, 0.375, 0.375 ]
        },
        "firstperson_righthand": {
            "rotation": [ 0, 45, 0 ],
            "translation": [ 0, 0, 0 ],
            "scale": [ 0.40, 0.40, 0.40 ]
        },
        "firstperson_lefthand": {
            "rotation": [ 0, 225, 0 ],
            "translation": [ 0, 0, 0 ],
            "scale": [ 0.40, 0.40, 0.40 ]
        }
    },
	"elements": [
		{
			"name": "nwtg1",
			"from": [10, 0, 6],
			"to": [14, 2, 10],
			"faces": {
				"north": {"uv": [2, 14, 6, 16], "texture": "#wood"},
				"east": {"uv": [6, 14, 10, 16], "texture": "#wood"},
				"south": {"uv": [10, 14, 14, 16], "texture": "#wood"},
				"west": {"uv": [6, 14, 10, 16], "texture": "#wood"},
				"up": {"uv": [10, 6, 14, 10], "texture": "#wood"},
				"down": {"uv": [10, 6, 14, 10], "texture": "#wood"}
			}
		},
		{
			"name": "nwtg2",
			"from": [0, 12, 4],
			"to": [10, 14, 12],
			"faces": {
				"north": {"uv": [6, 2, 16, 4], "texture": "#leaves"},
				"east": {"uv": [4, 2, 12, 4], "texture": "#leaves"},
				"south": {"uv": [0, 2, 10, 4], "texture": "#leaves"},
				"west": {"uv": [4, 2, 12, 4], "texture": "#leaves"},
				"up": {"uv": [0, 4, 10, 12], "texture": "#leaves"},
				"down": {"uv": [0, 4, 10, 12], "texture": "#leaves"}
			}
		},
		{
			"name": "nwtg3",
			"from": [1, 14, 5],
			"to": [9, 16, 11],
			"faces": {
				"north": {"uv": [7, 0, 15, 2], "texture": "#leaves"},
				"east": {"uv": [5, 0, 11, 2], "texture": "#leaves"},
				"south": {"uv": [1, 0, 9, 2], "texture": "#leaves"},
				"west": {"uv": [5, 0, 11, 2], "texture": "#leaves"},
				"up": {"uv": [1, 5, 9, 11], "texture": "#leaves"},
				"down": {"uv": [1, 5, 9, 11], "texture": "#leaves"}
			}
		},
		{
			"name": "nwtg4",
			"from": [6, 9, 3],
			"to": [10, 10, 6],
			"faces": {
				"north": {"uv": [6, 6, 10, 7], "texture": "#leaves"},
				"east": {"uv": [10, 6, 13, 7], "texture": "#leaves"},
				"south": {"uv": [6, 6, 10, 7], "texture": "#leaves"},
				"west": {"uv": [3, 6, 6, 7], "texture": "#leaves"},
				"up": {"uv": [6, 3, 10, 6], "texture": "#leaves"},
				"down": {"uv": [6, 10, 10, 13], "texture": "#leaves"}
			}
		},
		{
			"name": "nwtg5",
			"from": [7, 6, 10],
			"to": [11, 7, 13],
			"faces": {
				"north": {"uv": [5, 9, 9, 10], "texture": "#leaves"},
				"east": {"uv": [3, 9, 6, 10], "texture": "#leaves"},
				"south": {"uv": [7, 9, 11, 10], "texture": "#leaves"},
				"west": {"uv": [10, 9, 13, 10], "texture": "#leaves"},
				"up": {"uv": [7, 10, 11, 13], "texture": "#leaves"},
				"down": {"uv": [7, 3, 11, 6], "texture": "#leaves"}
			}
		},
		{
			"name": "nwtg6",
			"from": [5, 7, 2],
			"to": [11, 9, 8],
			"faces": {
				"north": {"uv": [5, 7, 11, 9], "texture": "#leaves"},
				"east": {"uv": [8, 7, 14, 9], "texture": "#leaves"},
				"south": {"uv": [5, 7, 11, 9], "texture": "#leaves"},
				"west": {"uv": [2, 7, 8, 9], "texture": "#leaves"},
				"up": {"uv": [5, 2, 11, 8], "texture": "#leaves"},
				"down": {"uv": [5, 8, 11, 14], "texture": "#leaves"}
			}
		},
		{
			"name": "nwtg7",
			"from": [6, 4, 8],
			"to": [12, 6, 14],
			"faces": {
				"north": {"uv": [4, 10, 10, 12], "texture": "#leaves"},
				"east": {"uv": [2, 10, 8, 12], "texture": "#leaves"},
				"south": {"uv": [6, 10, 12, 12], "texture": "#leaves"},
				"west": {"uv": [8, 10, 14, 12], "texture": "#leaves"},
				"up": {"uv": [6, 8, 12, 14], "texture": "#leaves"},
				"down": {"uv": [6, 2, 12, 8], "texture": "#leaves"}
			}
		},
		{
			"name": "nwtg8",
			"from": [11, 1, 7],
			"to": [13, 15, 9],
			"rotation": {"angle": 22.5, "axis": "z", "origin": [12, 1, 8]},
			"faces": {
				"north": {"uv": [3, 1, 5, 15], "texture": "#wood"},
				"east": {"uv": [7, 1, 9, 15], "texture": "#wood"},
				"south": {"uv": [11, 1, 13, 15], "texture": "#wood"},
				"west": {"uv": [7, 1, 9, 15], "texture": "#wood"},
				"up": {"uv": [11, 7, 13, 9], "texture": "#wood"},
				"down": {"uv": [11, 7, 13, 9], "texture": "#wood"}
			}
		}
	]
}