{
    "variants": {
        "": [
            { "model": "block/acacia_leaves/acacia_leaves" },
            { "model": "block/acacia_leaves/acacia_leaves1" },
            { "model": "block/acacia_leaves/acacia_leaves2" },
            { "model": "block/acacia_leaves/acacia_leaves", "y": 90 },
            { "model": "block/acacia_leaves/acacia_leaves1", "y": 90 },
            { "model": "block/acacia_leaves/acacia_leaves2", "y": 90 },
            { "model": "block/acacia_leaves/acacia_leaves", "y": 180 },
            { "model": "block/acacia_leaves/acacia_leaves1", "y": 180 },
            { "model": "block/acacia_leaves/acacia_leaves2", "y": 180 },
            { "model": "block/acacia_leaves/acacia_leaves", "y": 270 },
            { "model": "block/acacia_leaves/acacia_leaves1", "y": 270 },
            { "model": "block/acacia_leaves/acacia_leaves2", "y": 270 },
            { "model": "block/acacia_leaves/acacia_leaves", "x": 180 },
            { "model": "block/acacia_leaves/acacia_leaves1", "x": 180 },
            { "model": "block/acacia_leaves/acacia_leaves2", "x": 180 }
            ]
    }
}
