{
    "variants": {
        "": [
            { "model": "block/birch_leaves/birch_leaves" },
            { "model": "block/birch_leaves/birch_leaves1" },
            { "model": "block/birch_leaves/birch_leaves2" },
            { "model": "block/birch_leaves/birch_leaves", "y": 90 },
            { "model": "block/birch_leaves/birch_leaves1", "y": 90 },
            { "model": "block/birch_leaves/birch_leaves2", "y": 90 },
            { "model": "block/birch_leaves/birch_leaves", "y": 180 },
            { "model": "block/birch_leaves/birch_leaves1", "y": 180 },
            { "model": "block/birch_leaves/birch_leaves2", "y": 180 },
            { "model": "block/birch_leaves/birch_leaves", "y": 270 },
            { "model": "block/birch_leaves/birch_leaves1", "y": 270 },
            { "model": "block/birch_leaves/birch_leaves2", "y": 270 },
            { "model": "block/birch_leaves/birch_leaves", "x": 180 },
            { "model": "block/birch_leaves/birch_leaves1", "x": 180 },
            { "model": "block/birch_leaves/birch_leaves2", "x": 180 }
            ]
    }
}
