{
    "variants": {
        "": [
            { "model": "block/birch_sapling/birch_sapling" },
            { "model": "block/birch_sapling/birch_sapling1" },
            { "model": "block/birch_sapling/birch_sapling2" },
            { "model": "block/birch_sapling/birch_sapling", "y": 90 },
            { "model": "block/birch_sapling/birch_sapling1", "y": 90 },
            { "model": "block/birch_sapling/birch_sapling2", "y": 90 },
            { "model": "block/birch_sapling/birch_sapling", "y": 180 },
            { "model": "block/birch_sapling/birch_sapling1", "y": 180 },
            { "model": "block/birch_sapling/birch_sapling2", "y": 180 },
            { "model": "block/birch_sapling/birch_sapling", "y": 270 },
            { "model": "block/birch_sapling/birch_sapling1", "y": 270 },
            { "model": "block/birch_sapling/birch_sapling2", "y": 270 }
            ]
    }
}
