{
    "variants": {
        "": [
            { "model": "block/grass/grass", "weight": 70 },
            { "model": "block/grass/grass", "y": 90, "weight": 70 },
            { "model": "block/grass/grass", "y": 180, "weight": 70 },
            { "model": "block/grass/grass", "y": 270, "weight": 70 },
            { "model": "block/grass/grass1", "weight": 10 },
            { "model": "block/grass/grass1", "y": 90,"weight": 10 },
            { "model": "block/grass/grass1", "y": 180,"weight": 10 },
            { "model": "block/grass/grass1", "y": 270,"weight": 10 },
            { "model": "block/grass/grass2", "weight": 10 },
            { "model": "block/grass/grass2", "y": 90, "weight": 10 },
            { "model": "block/grass/grass2", "y": 180, "weight": 10 },
            { "model": "block/grass/grass2", "y": 270, "weight": 10 },
            { "model": "block/grass/grass3", "weight": 10 },
            { "model": "block/grass/grass3", "y": 90, "weight": 10 },
            { "model": "block/grass/grass3", "y": 180, "weight": 10 },
            { "model": "block/grass/grass3", "y": 270, "weight": 10 }
            ]
    }
}
