{
    "variants": {
        "": [
            { "model": "block/jungle_leaves/jungle_leaves" },
            { "model": "block/jungle_leaves/jungle_leaves1" },
            { "model": "block/jungle_leaves/jungle_leaves2" },
            { "model": "block/jungle_leaves/jungle_leaves", "y": 90 },
            { "model": "block/jungle_leaves/jungle_leaves1", "y": 90 },
            { "model": "block/jungle_leaves/jungle_leaves2", "y": 90 },
            { "model": "block/jungle_leaves/jungle_leaves", "y": 180 },
            { "model": "block/jungle_leaves/jungle_leaves1", "y": 180 },
            { "model": "block/jungle_leaves/jungle_leaves2", "y": 180 },
            { "model": "block/jungle_leaves/jungle_leaves", "y": 270 },
            { "model": "block/jungle_leaves/jungle_leaves1", "y": 270 },
            { "model": "block/jungle_leaves/jungle_leaves2", "y": 270 },
            { "model": "block/jungle_leaves/jungle_leaves", "x": 180 },
            { "model": "block/jungle_leaves/jungle_leaves1", "x": 180 },
            { "model": "block/jungle_leaves/jungle_leaves2", "x": 180 }
            ]
    }
}
