{
    "variants": {
        "": [
            { "model": "block/jungle_sapling/jungle_sapling" },
            { "model": "block/jungle_sapling/jungle_sapling1" },
            { "model": "block/jungle_sapling/jungle_sapling2" },
            { "model": "block/jungle_sapling/jungle_sapling", "y": 90 },
            { "model": "block/jungle_sapling/jungle_sapling1", "y": 90 },
            { "model": "block/jungle_sapling/jungle_sapling2", "y": 90 },
            { "model": "block/jungle_sapling/jungle_sapling", "y": 180 },
            { "model": "block/jungle_sapling/jungle_sapling1", "y": 180 },
            { "model": "block/jungle_sapling/jungle_sapling2", "y": 180 },
            { "model": "block/jungle_sapling/jungle_sapling", "y": 270 },
            { "model": "block/jungle_sapling/jungle_sapling1", "y": 270 },
            { "model": "block/jungle_sapling/jungle_sapling2", "y": 270 }
            ]
    }
}
