{
    "variants": {
        "": [
            { "model": "block/oak_leaves/oak_leaves" },
            { "model": "block/oak_leaves/oak_leaves1" },
            { "model": "block/oak_leaves/oak_leaves2" },
            { "model": "block/oak_leaves/oak_leaves", "y": 90 },
            { "model": "block/oak_leaves/oak_leaves1", "y": 90 },
            { "model": "block/oak_leaves/oak_leaves2", "y": 90 },
            { "model": "block/oak_leaves/oak_leaves", "y": 180 },
            { "model": "block/oak_leaves/oak_leaves1", "y": 180 },
            { "model": "block/oak_leaves/oak_leaves2", "y": 180 },
            { "model": "block/oak_leaves/oak_leaves", "y": 270 },
            { "model": "block/oak_leaves/oak_leaves1", "y": 270 },
            { "model": "block/oak_leaves/oak_leaves2", "y": 270 },
            { "model": "block/oak_leaves/oak_leaves", "x": 180 },
            { "model": "block/oak_leaves/oak_leaves1", "x": 180 },
            { "model": "block/oak_leaves/oak_leaves2", "x": 180 }
            ]
    }
}
