{
    "variants": {
        "": [
            { "model": "block/oak_sapling/oak_sapling" },
            { "model": "block/oak_sapling/oak_sapling1" },
            { "model": "block/oak_sapling/oak_sapling2" },
            { "model": "block/oak_sapling/oak_sapling", "y": 90 },
            { "model": "block/oak_sapling/oak_sapling1", "y": 90 },
            { "model": "block/oak_sapling/oak_sapling2", "y": 90 },
            { "model": "block/oak_sapling/oak_sapling", "y": 180 },
            { "model": "block/oak_sapling/oak_sapling1", "y": 180 },
            { "model": "block/oak_sapling/oak_sapling2", "y": 180 },
            { "model": "block/oak_sapling/oak_sapling", "y": 270 },
            { "model": "block/oak_sapling/oak_sapling1", "y": 270 },
            { "model": "block/oak_sapling/oak_sapling2", "y": 270 }
            ]
    }
}
