{
    "variants": {
        "": [
            { "model": "block/spruce_sapling/spruce_sapling" },
            { "model": "block/spruce_sapling/spruce_sapling1" },
            { "model": "block/spruce_sapling/spruce_sapling2" },
            { "model": "block/spruce_sapling/spruce_sapling", "y": 90 },
            { "model": "block/spruce_sapling/spruce_sapling1", "y": 90 },
            { "model": "block/spruce_sapling/spruce_sapling2", "y": 90 },
            { "model": "block/spruce_sapling/spruce_sapling", "y": 180 },
            { "model": "block/spruce_sapling/spruce_sapling1", "y": 180 },
            { "model": "block/spruce_sapling/spruce_sapling2", "y": 180 },
            { "model": "block/spruce_sapling/spruce_sapling", "y": 270 },
            { "model": "block/spruce_sapling/spruce_sapling1", "y": 270 },
            { "model": "block/spruce_sapling/spruce_sapling2", "y": 270 }
            ]
    }
}
