{
    "variants": {
        "": [
            { "model": "block/spruce_leaves/spruce_leaves" },
            { "model": "block/spruce_leaves/spruce_leaves1" },
            { "model": "block/spruce_leaves/spruce_leaves2" },
            { "model": "block/spruce_leaves/spruce_leaves", "y": 90 },
            { "model": "block/spruce_leaves/spruce_leaves1", "y": 90 },
            { "model": "block/spruce_leaves/spruce_leaves2", "y": 90 },
            { "model": "block/spruce_leaves/spruce_leaves", "y": 180 },
            { "model": "block/spruce_leaves/spruce_leaves1", "y": 180 },
            { "model": "block/spruce_leaves/spruce_leaves2", "y": 180 },
            { "model": "block/spruce_leaves/spruce_leaves", "y": 270 },
            { "model": "block/spruce_leaves/spruce_leaves1", "y": 270 },
            { "model": "block/spruce_leaves/spruce_leaves2", "y": 270 },
            { "model": "block/spruce_leaves/spruce_leaves", "x": 180 },
            { "model": "block/spruce_leaves/spruce_leaves1", "x": 180 },
            { "model": "block/spruce_leaves/spruce_leaves2", "x": 180 }
            ]
    }
}
