{
	"textures": {
		"leaves": "block/spruce_sapling/spruce_sapling_leaves",
		"particle": "#leaves",
		"wood": "block/spruce_sapling/spruce_sapling_wood"
	},
    "display": {
        "gui": {
            "rotation": [ 30, 225, 0 ],
            "translation": [ 0, 0, 0],
            "scale":[ 0.625, 0.625, 0.625 ]
        },
        "ground": {
            "rotation": [ 0, 0, 0 ],
            "translation": [ 0, 3, 0],
            "scale":[ 0.25, 0.25, 0.25 ]
        },
        "fixed": {
            "rotation": [ 0, 0, 0 ],
            "translation": [ 0, 0, 0],
            "scale":[ 0.5, 0.5, 0.5 ]
        },
        "thirdperson_righthand": {
            "rotation": [ 75, 45, 0 ],
            "translation": [ 0, 2.5, 0],
            "scale": [ 0.375, 0.375, 0.375 ]
        },
        "firstperson_righthand": {
            "rotation": [ 0, 45, 0 ],
            "translation": [ 0, 0, 0 ],
            "scale": [ 0.40, 0.40, 0.40 ]
        },
        "firstperson_lefthand": {
            "rotation": [ 0, 225, 0 ],
            "translation": [ 0, 0, 0 ],
            "scale": [ 0.40, 0.40, 0.40 ]
        }
    },
	"elements": [
		{
			"name": "nwtg1",
			"from": [6, 0, 6],
			"to": [10, 2, 10],
			"faces": {
				"north": {"uv": [6, 14, 10, 16], "texture": "#wood"},
				"east": {"uv": [6, 14, 10, 16], "texture": "#wood"},
				"south": {"uv": [6, 14, 10, 16], "texture": "#wood"},
				"west": {"uv": [6, 14, 10, 16], "texture": "#wood"},
				"up": {"uv": [6, 6, 10, 10], "texture": "#wood"},
				"down": {"uv": [6, 6, 10, 10], "texture": "#wood"}
			}
		},
		{
			"name": "nwtg2",
			"from": [7, 2, 7],
			"to": [9, 14, 9],
			"faces": {
				"north": {"uv": [7, 2, 9, 14], "texture": "#wood"},
				"east": {"uv": [7, 2, 9, 14], "texture": "#wood"},
				"south": {"uv": [7, 2, 9, 14], "texture": "#wood"},
				"west": {"uv": [7, 2, 9, 14], "texture": "#wood"},
				"up": {"uv": [7, 7, 9, 9], "texture": "#wood"},
				"down": {"uv": [7, 7, 9, 9], "texture": "#wood"}
			}
		},
		{
			"name": "nwtg3",
			"from": [6, 10, 4],
			"to": [10, 12, 12],
			"faces": {
				"north": {"uv": [6, 4, 10, 6], "texture": "#leaves"},
				"east": {"uv": [4, 4, 12, 6], "texture": "#leaves"},
				"south": {"uv": [6, 4, 10, 6], "texture": "#leaves"},
				"west": {"uv": [4, 4, 12, 6], "texture": "#leaves"},
				"up": {"uv": [6, 4, 10, 12], "texture": "#leaves"},
				"down": {"uv": [6, 4, 10, 12], "texture": "#leaves"}
			}
		},
		{
			"name": "nwtg4",
			"from": [6, 13, 6],
			"to": [10, 16, 10],
			"faces": {
				"north": {"uv": [6, 0, 10, 3], "texture": "#leaves"},
				"east": {"uv": [6, 0, 10, 3], "texture": "#leaves"},
				"south": {"uv": [6, 0, 10, 3], "texture": "#leaves"},
				"west": {"uv": [6, 0, 10, 3], "texture": "#leaves"},
				"up": {"uv": [6, 6, 10, 10], "texture": "#leaves"},
				"down": {"uv": [6, 6, 10, 10], "texture": "#leaves"}
			}
		},
		{
			"name": "nwtg5",
			"from": [4, 10, 6],
			"to": [6, 12, 10],
			"faces": {
				"north": {"uv": [10, 4, 12, 6], "texture": "#leaves"},
				"east": {"uv": [6, 4, 10, 6], "texture": "#leaves"},
				"south": {"uv": [4, 4, 6, 6], "texture": "#leaves"},
				"west": {"uv": [6, 4, 10, 6], "texture": "#leaves"},
				"up": {"uv": [4, 6, 6, 10], "texture": "#leaves"},
				"down": {"uv": [4, 6, 6, 10], "texture": "#leaves"}
			}
		},
		{
			"name": "nwtg6",
			"from": [10, 10, 6],
			"to": [12, 12, 10],
			"faces": {
				"north": {"uv": [4, 4, 6, 6], "texture": "#leaves"},
				"east": {"uv": [6, 4, 10, 6], "texture": "#leaves"},
				"south": {"uv": [10, 4, 12, 6], "texture": "#leaves"},
				"west": {"uv": [6, 4, 10, 6], "texture": "#leaves"},
				"up": {"uv": [10, 6, 12, 10], "texture": "#leaves"},
				"down": {"uv": [10, 6, 12, 10], "texture": "#leaves"}
			}
		}
	]
}