{
    "ambientocclusion": false,
	"textures": {
		"all": "block/vine/vine",
        "particle": "#all"
	},
    "display": {
        "gui": {
            "rotation": [ 30, 225, 0 ],
            "translation": [ 0, 0, 0],
            "scale":[ 0.625, 0.625, 0.625 ]
        },
        "ground": {
            "rotation": [ 0, 0, 0 ],
            "translation": [ 0, 3, 0],
            "scale":[ 0.25, 0.25, 0.25 ]
        },
        "fixed": {
            "rotation": [ 0, 0, 0 ],
            "translation": [ 0, 0, 0],
            "scale":[ 0.5, 0.5, 0.5 ]
        },
        "thirdperson_righthand": {
            "rotation": [ 75, 45, 0 ],
            "translation": [ 0, 2.5, 0],
            "scale": [ 0.375, 0.375, 0.375 ]
        },
        "firstperson_righthand": {
            "rotation": [ 0, 45, 0 ],
            "translation": [ 0, 0, 0 ],
            "scale": [ 0.40, 0.40, 0.40 ]
        },
        "firstperson_lefthand": {
            "rotation": [ 0, 225, 0 ],
            "translation": [ 0, 0, 0 ],
            "scale": [ 0.40, 0.40, 0.40 ]
        }
    },
	"elements": [
		{
			"name": "nwtg1",
			"from": [0, 14, 0],
			"to": [16, 16, 1],
			"faces": {
				"north": {"uv": [16, 0, 0, 2], "texture": "#all", "tintindex": 0, "cullface": "south"},
				"east": {"uv": [15, 0, 16, 2], "texture": "#all", "tintindex": 0, "cullface": "west"},
				"south": {"uv": [0, 0, 16, 2], "texture": "#all", "tintindex": 0},
				"west": {"uv": [0, 0, 1, 2], "texture": "#all", "tintindex": 0, "cullface": "east"},
				"up": {"uv": [16, 0, 0, 1], "rotation": 180, "texture": "#all", "tintindex": 0, "cullface": "up"},
				"down": {"uv": [16, 1, 0, 2], "rotation": 180, "texture": "#all", "tintindex": 0}
			}
		},
		{
			"name": "nwtg2",
			"from": [0, 10, 1],
			"to": [15, 14, 2],
			"faces": {
				"north": {"uv": [15, 2, 0, 6], "texture": "#all", "tintindex": 0},
				"east": {"uv": [14, 2, 15, 6], "texture": "#all", "tintindex": 0, "cullface": "west"},
				"south": {"uv": [0, 2, 15, 6], "texture": "#all", "tintindex": 0},
				"west": {"uv": [0, 2, 1, 6], "texture": "#all", "tintindex": 0, "cullface": "east"},
				"up": {"uv": [15, 2, 0, 3], "rotation": 180, "texture": "#all", "tintindex": 0},
				"down": {"uv": [15, 5, 0, 6], "rotation": 180, "texture": "#all", "tintindex": 0}
			}
		},
		{
			"name": "nwtg3",
			"from": [0, 6, 2],
			"to": [14, 10, 3],
			"faces": {
				"north": {"uv": [14, 6, 0, 10], "texture": "#all", "tintindex": 0},
				"east": {"uv": [13, 6, 14, 10], "texture": "#all", "tintindex": 0, "cullface": "west"},
				"south": {"uv": [0, 6, 14, 10], "texture": "#all", "tintindex": 0},
				"west": {"uv": [0, 6, 1, 10], "texture": "#all", "tintindex": 0, "cullface": "east"},
				"up": {"uv": [14, 6, 0, 7], "rotation": 180, "texture": "#all", "tintindex": 0},
				"down": {"uv": [14, 9, 0, 10], "rotation": 180, "texture": "#all", "tintindex": 0}
			}
		},
		{
			"name": "nwtg4",
			"from": [0, 2, 1],
			"to": [15, 6, 2],
			"faces": {
				"north": {"uv": [15, 10, 0, 14], "texture": "#all", "tintindex": 0},
				"east": {"uv": [14, 10, 15, 14], "texture": "#all", "tintindex": 0, "cullface": "west"},
				"south": {"uv": [0, 10, 15, 14], "texture": "#all", "tintindex": 0},
				"west": {"uv": [0, 10, 1, 14], "texture": "#all", "tintindex": 0, "cullface": "east"},
				"up": {"uv": [15, 10, 0, 11], "rotation": 180, "texture": "#all", "tintindex": 0},
				"down": {"uv": [15, 13, 0, 14], "rotation": 180, "texture": "#all", "tintindex": 0}
			}
		},
		{
			"name": "nwtg5",
			"from": [0, 0, 0],
			"to": [16, 2, 1],
			"faces": {
				"north": {"uv": [16, 14, 0, 16], "texture": "#all", "tintindex": 0, "cullface": "south"},
				"east": {"uv": [15, 14, 16, 16], "texture": "#all", "tintindex": 0, "cullface": "west"},
				"south": {"uv": [0, 14, 16, 16], "texture": "#all", "tintindex": 0},
				"west": {"uv": [0, 14, 1, 16], "texture": "#all", "tintindex": 0, "cullface": "east"},
				"up": {"uv": [16, 14, 0, 15], "rotation": 180, "texture": "#all", "tintindex": 0},
				"down": {"uv": [16, 15, 0, 16], "rotation": 180, "texture": "#all", "tintindex": 0, "cullface": "down"}
			}
		},
		{
			"name": "nwtg6",
			"from": [15, 14, 1],
			"to": [16, 16, 16],
			"faces": {
				"north": {"uv": [1, 0, 2, 2], "texture": "#all", "tintindex": 0, "cullface": "east"},
				"east": {"uv": [15, 0, 0, 2], "texture": "#all", "tintindex": 0, "cullface": "south"},
				"south": {"uv": [14, 0, 15, 2], "texture": "#all", "tintindex": 0, "cullface": "west"},
				"west": {"uv": [0, 0, 15, 2], "texture": "#all", "tintindex": 0},
				"up": {"uv": [15, 0, 0, 1], "rotation": 270, "texture": "#all", "tintindex": 0, "cullface": "up"},
				"down": {"uv": [15, 1, 0, 2], "rotation": 90, "texture": "#all", "tintindex": 0}
			}
		},
		{
			"name": "nwtg7",
			"from": [14, 10, 2],
			"to": [15, 14, 16],
			"faces": {
				"north": {"uv": [2, 2, 3, 6], "texture": "#all", "tintindex": 0, "cullface": "east"},
				"east": {"uv": [16, 2, 2, 6], "texture": "#all", "tintindex": 0},
				"south": {"uv": [15, 2, 16, 6], "texture": "#all", "tintindex": 0, "cullface": "west"},
				"west": {"uv": [2, 2, 16, 6], "texture": "#all", "tintindex": 0},
				"up": {"uv": [16, 2, 2, 3], "rotation": 270, "texture": "#all", "tintindex": 0},
				"down": {"uv": [16, 5, 2, 6], "rotation": 90, "texture": "#all", "tintindex": 0}
			}
		},
		{
			"name": "nwtg8",
			"from": [13, 6, 3],
			"to": [14, 10, 16],
			"faces": {
				"north": {"uv": [3, 6, 4, 10], "texture": "#all", "tintindex": 0, "cullface": "east"},
				"east": {"uv": [16, 6, 3, 10], "texture": "#all", "tintindex": 0},
				"south": {"uv": [15, 6, 16, 10], "texture": "#all", "tintindex": 0, "cullface": "west"},
				"west": {"uv": [3, 6, 16, 10], "texture": "#all", "tintindex": 0},
				"up": {"uv": [16, 6, 3, 7], "rotation": 270, "texture": "#all", "tintindex": 0},
				"down": {"uv": [16, 9, 3, 10], "rotation": 90, "texture": "#all", "tintindex": 0}
			}
		},
		{
			"name": "nwtg9",
			"from": [14, 2, 2],
			"to": [15, 6, 16],
			"faces": {
				"north": {"uv": [2, 10, 3, 14], "texture": "#all", "tintindex": 0, "cullface": "east"},
				"east": {"uv": [16, 10, 2, 14], "texture": "#all", "tintindex": 0},
				"south": {"uv": [15, 10, 16, 14], "texture": "#all", "tintindex": 0, "cullface": "west"},
				"west": {"uv": [2, 10, 16, 14], "texture": "#all", "tintindex": 0},
				"up": {"uv": [16, 10, 2, 11], "rotation": 270, "texture": "#all", "tintindex": 0},
				"down": {"uv": [16, 13, 2, 14], "rotation": 90, "texture": "#all", "tintindex": 0}
			}
		},
		{
			"name": "nwtg10",
			"from": [15, 0, 1],
			"to": [16, 2, 16],
			"faces": {
				"north": {"uv": [1, 14, 2, 16], "texture": "#all", "tintindex": 0, "cullface": "east"},
				"east": {"uv": [16, 14, 1, 16], "texture": "#all", "tintindex": 0, "cullface": "south"},
				"south": {"uv": [15, 14, 16, 16], "texture": "#all", "tintindex": 0, "cullface": "west"},
				"west": {"uv": [1, 14, 16, 16], "texture": "#all", "tintindex": 0},
				"up": {"uv": [16, 14, 1, 15], "rotation": 270, "texture": "#all", "tintindex": 0},
				"down": {"uv": [16, 15, 1, 16], "rotation": 90, "texture": "#all", "tintindex": 0, "cullface": "down"}
			}
		},
		{
			"name": "nwtg11",
			"from": [0, 14, 15],
			"to": [15, 16, 16],
			"faces": {
				"north": {"uv": [0, 0, 15, 2], "texture": "#all", "tintindex": 0},
				"east": {"uv": [1, 0, 2, 2], "texture": "#all", "tintindex": 0, "cullface": "east"},
				"south": {"uv": [15, 0, 0, 2], "texture": "#all", "tintindex": 0, "cullface": "south"},
				"west": {"uv": [14, 0, 15, 2], "texture": "#all", "tintindex": 0, "cullface": "west"},
				"up": {"uv": [15, 0, 0, 1], "texture": "#all", "tintindex": 0, "cullface": "up"},
				"down": {"uv": [15, 1, 0, 2], "texture": "#all", "tintindex": 0}
			}
		},
		{
			"name": "nwtg12",
			"from": [0, 10, 14],
			"to": [14, 14, 15],
			"faces": {
				"north": {"uv": [2, 2, 16, 6], "texture": "#all", "tintindex": 0},
				"east": {"uv": [2, 2, 3, 6], "texture": "#all", "tintindex": 0, "cullface": "east"},
				"south": {"uv": [16, 2, 2, 6], "texture": "#all", "tintindex": 0},
				"west": {"uv": [15, 2, 16, 6], "texture": "#all", "tintindex": 0, "cullface": "west"},
				"up": {"uv": [16, 2, 2, 3], "texture": "#all", "tintindex": 0},
				"down": {"uv": [16, 5, 2, 6], "texture": "#all", "tintindex": 0}
			}
		},
		{
			"name": "nwtg13",
			"from": [0, 6, 13],
			"to": [13, 10, 14],
			"faces": {
				"north": {"uv": [3, 6, 16, 10], "texture": "#all", "tintindex": 0},
				"east": {"uv": [3, 6, 4, 10], "texture": "#all", "tintindex": 0, "cullface": "east"},
				"south": {"uv": [16, 6, 3, 10], "texture": "#all", "tintindex": 0},
				"west": {"uv": [15, 6, 16, 10], "texture": "#all", "tintindex": 0, "cullface": "west"},
				"up": {"uv": [16, 6, 3, 7], "texture": "#all", "tintindex": 0},
				"down": {"uv": [16, 9, 3, 10], "texture": "#all", "tintindex": 0}
			}
		},
		{
			"name": "nwtg14",
			"from": [0, 2, 14],
			"to": [14, 6, 15],
			"faces": {
				"north": {"uv": [2, 10, 16, 14], "texture": "#all", "tintindex": 0},
				"east": {"uv": [2, 10, 3, 14], "texture": "#all", "tintindex": 0, "cullface": "east"},
				"south": {"uv": [16, 10, 2, 14], "texture": "#all", "tintindex": 0},
				"west": {"uv": [15, 10, 16, 14], "texture": "#all", "tintindex": 0, "cullface": "west"},
				"up": {"uv": [16, 10, 2, 11], "texture": "#all", "tintindex": 0},
				"down": {"uv": [16, 13, 2, 14], "texture": "#all", "tintindex": 0}
			}
		},
		{
			"name": "nwtg15",
			"from": [0, 0, 15],
			"to": [15, 2, 16],
			"faces": {
				"north": {"uv": [1, 14, 16, 16], "texture": "#all", "tintindex": 0},
				"east": {"uv": [1, 14, 2, 16], "texture": "#all", "tintindex": 0, "cullface": "east"},
				"south": {"uv": [16, 14, 1, 16], "texture": "#all", "tintindex": 0, "cullface": "south"},
				"west": {"uv": [15, 14, 16, 16], "texture": "#all", "tintindex": 0, "cullface": "west"},
				"up": {"uv": [16, 14, 1, 15], "texture": "#all", "tintindex": 0},
				"down": {"uv": [16, 15, 1, 16], "texture": "#all", "tintindex": 0, "cullface": "down"}
			}
		}
	]
}