{
    "ambientocclusion": false,
	"textures": {
		"all": "block/vine/vine",
        "particle": "#all", "tintindex": 0
	},
    "display": {
        "gui": {
            "rotation": [ 30, 225, 0 ],
            "translation": [ 0, 0, 0],
            "scale":[ 0.625, 0.625, 0.625 ]
        },
        "ground": {
            "rotation": [ 0, 0, 0 ],
            "translation": [ 0, 3, 0],
            "scale":[ 0.25, 0.25, 0.25 ]
        },
        "fixed": {
            "rotation": [ 0, 0, 0 ],
            "translation": [ 0, 0, 0],
            "scale":[ 0.5, 0.5, 0.5 ]
        },
        "thirdperson_righthand": {
            "rotation": [ 75, 45, 0 ],
            "translation": [ 0, 2.5, 0],
            "scale": [ 0.375, 0.375, 0.375 ]
        },
        "firstperson_righthand": {
            "rotation": [ 0, 45, 0 ],
            "translation": [ 0, 0, 0 ],
            "scale": [ 0.40, 0.40, 0.40 ]
        },
        "firstperson_lefthand": {
            "rotation": [ 0, 225, 0 ],
            "translation": [ 0, 0, 0 ],
            "scale": [ 0.40, 0.40, 0.40 ]
        }
    },
	"elements": [
		{
			"name": "nwtg",
			"from": [11, 15, 0],
			"to": [14, 16, 1],
			"faces": {
				"north": {"uv": [14, 15, 11, 16], "texture": "#all", "tintindex": 0},
				"east": {"uv": [13, 15, 14, 16], "rotation": 270, "texture": "#all", "tintindex": 0},
				"south": {"uv": [14, 15, 11, 16], "rotation": 180, "texture": "#all", "tintindex": 0},
				"west": {"uv": [11, 15, 12, 16], "rotation": 90, "texture": "#all", "tintindex": 0},
				"up": {"uv": [14, 15, 11, 16], "rotation": 180, "texture": "#all", "tintindex": 0},
				"down": {"uv": [11, 15, 14, 16], "texture": "#all", "tintindex": 0}
			}
		},
		{
			"name": "nwtg",
			"from": [10, 15, 1],
			"to": [13, 16, 2],
			"faces": {
				"north": {"uv": [13, 14, 10, 15], "texture": "#all", "tintindex": 0},
				"east": {"uv": [12, 14, 13, 15], "rotation": 270, "texture": "#all", "tintindex": 0},
				"south": {"uv": [13, 14, 10, 15], "rotation": 180, "texture": "#all", "tintindex": 0},
				"west": {"uv": [10, 14, 11, 15], "rotation": 90, "texture": "#all", "tintindex": 0},
				"up": {"uv": [13, 14, 10, 15], "rotation": 180, "texture": "#all", "tintindex": 0},
				"down": {"uv": [10, 14, 13, 15], "texture": "#all", "tintindex": 0}
			}
		},
		{
			"name": "nwtg",
			"from": [8, 15, 0],
			"to": [10, 16, 1],
			"faces": {
				"north": {"uv": [10, 15, 8, 16], "texture": "#all", "tintindex": 0},
				"east": {"uv": [9, 15, 10, 16], "rotation": 270, "texture": "#all", "tintindex": 0},
				"south": {"uv": [10, 15, 8, 16], "rotation": 180, "texture": "#all", "tintindex": 0},
				"west": {"uv": [8, 15, 9, 16], "rotation": 90, "texture": "#all", "tintindex": 0},
				"up": {"uv": [10, 15, 8, 16], "rotation": 180, "texture": "#all", "tintindex": 0},
				"down": {"uv": [8, 15, 10, 16], "texture": "#all", "tintindex": 0}
			}
		},
		{
			"name": "nwtg",
			"from": [2, 13, 0],
			"to": [7, 14, 1],
			"faces": {
				"north": {"uv": [7, 15, 2, 16], "texture": "#all", "tintindex": 0},
				"east": {"uv": [6, 15, 7, 16], "rotation": 270, "texture": "#all", "tintindex": 0},
				"south": {"uv": [7, 15, 2, 16], "rotation": 180, "texture": "#all", "tintindex": 0},
				"west": {"uv": [2, 15, 3, 16], "rotation": 90, "texture": "#all", "tintindex": 0},
				"up": {"uv": [7, 15, 2, 16], "rotation": 180, "texture": "#all", "tintindex": 0},
				"down": {"uv": [2, 15, 7, 16], "texture": "#all", "tintindex": 0}
			}
		},
		{
			"name": "nwtg",
			"from": [1, 13, 1],
			"to": [5, 14, 3],
			"faces": {
				"north": {"uv": [5, 14, 1, 15], "texture": "#all", "tintindex": 0},
				"east": {"uv": [4, 13, 5, 15], "rotation": 270, "texture": "#all", "tintindex": 0},
				"south": {"uv": [5, 13, 1, 14], "rotation": 180, "texture": "#all", "tintindex": 0},
				"west": {"uv": [1, 13, 2, 15], "rotation": 90, "texture": "#all", "tintindex": 0},
				"up": {"uv": [5, 13, 1, 15], "rotation": 180, "texture": "#all", "tintindex": 0},
				"down": {"uv": [1, 13, 5, 15], "texture": "#all", "tintindex": 0}
			}
		},
		{
			"name": "nwtg",
			"from": [0, 14, 3],
			"to": [2, 15, 4],
			"faces": {
				"north": {"uv": [2, 12, 0, 13], "texture": "#all", "tintindex": 0},
				"south": {"uv": [2, 12, 0, 13], "rotation": 180, "texture": "#all", "tintindex": 0},
				"west": {"uv": [0, 12, 1, 13], "rotation": 90, "texture": "#all", "tintindex": 0},
				"up": {"uv": [2, 12, 0, 13], "rotation": 180, "texture": "#all", "tintindex": 0},
				"down": {"uv": [0, 12, 2, 13], "texture": "#all", "tintindex": 0}
			}
		},
		{
			"name": "nwtg",
			"from": [0, 14, 8],
			"to": [1, 15, 10],
			"faces": {
				"north": {"uv": [1, 7, 0, 8], "texture": "#all", "tintindex": 0},
				"east": {"uv": [0, 6, 1, 8], "rotation": 270, "texture": "#all", "tintindex": 0},
				"south": {"uv": [1, 6, 0, 7], "rotation": 180, "texture": "#all", "tintindex": 0},
				"west": {"uv": [0, 6, 1, 8], "rotation": 90, "texture": "#all", "tintindex": 0},
				"up": {"uv": [1, 6, 0, 8], "rotation": 180, "texture": "#all", "tintindex": 0},
				"down": {"uv": [0, 6, 1, 8], "texture": "#all", "tintindex": 0}
			}
		},
		{
			"name": "nwtg",
			"from": [0, 14, 12],
			"to": [1, 15, 14],
			"faces": {
				"north": {"uv": [1, 3, 0, 4], "texture": "#all", "tintindex": 0},
				"south": {"uv": [1, 2, 0, 3], "rotation": 180, "texture": "#all", "tintindex": 0},
				"west": {"uv": [0, 2, 1, 4], "rotation": 90, "texture": "#all", "tintindex": 0},
				"up": {"uv": [1, 2, 0, 4], "rotation": 180, "texture": "#all", "tintindex": 0},
				"down": {"uv": [0, 2, 1, 4], "texture": "#all", "tintindex": 0}
			}
		},
		{
			"name": "nwtg",
			"from": [8, 14, 8],
			"to": [9, 15, 11],
			"faces": {
				"north": {"uv": [8, 7, 9, 8], "texture": "#all", "tintindex": 0},
				"east": {"uv": [8, 5, 9, 8], "rotation": 270, "texture": "#all", "tintindex": 0},
				"south": {"uv": [8, 5, 9, 6], "rotation": 180, "texture": "#all", "tintindex": 0},
				"west": {"uv": [8, 5, 9, 8], "rotation": 90, "texture": "#all", "tintindex": 0},
				"up": {"uv": [9, 5, 8, 8], "rotation": 180, "texture": "#all", "tintindex": 0},
				"down": {"uv": [8, 5, 9, 8], "texture": "#all", "tintindex": 0}
			}
		},
		{
			"name": "nwtg",
			"from": [4, 13, 13],
			"to": [5, 14, 16],
			"faces": {
				"north": {"uv": [5, 2, 4, 3], "texture": "#all", "tintindex": 0},
				"east": {"uv": [4, 0, 5, 3], "rotation": 270, "texture": "#all", "tintindex": 0},
				"south": {"uv": [5, 0, 4, 1], "rotation": 180, "texture": "#all", "tintindex": 0},
				"up": {"uv": [5, 0, 4, 3], "rotation": 180, "texture": "#all", "tintindex": 0},
				"down": {"uv": [4, 0, 5, 3], "texture": "#all", "tintindex": 0}
			}
		},
		{
			"name": "nwtg",
			"from": [7, 14, 9],
			"to": [8, 15, 11],
			"faces": {
				"north": {"uv": [7, 6, 8, 7], "texture": "#all", "tintindex": 0},
				"south": {"uv": [7, 5, 8, 6], "rotation": 180, "texture": "#all", "tintindex": 0},
				"west": {"uv": [7, 5, 8, 7], "rotation": 90, "texture": "#all", "tintindex": 0},
				"up": {"uv": [8, 5, 7, 7], "rotation": 180, "texture": "#all", "tintindex": 0},
				"down": {"uv": [7, 5, 8, 7], "texture": "#all", "tintindex": 0}
			}
		},
		{
			"name": "nwtg",
			"from": [5, 13, 14],
			"to": [6, 14, 16],
			"faces": {
				"north": {"uv": [6, 1, 5, 2], "texture": "#all", "tintindex": 0},
				"east": {"uv": [5, 0, 6, 2], "rotation": 270, "texture": "#all", "tintindex": 0},
				"south": {"uv": [6, 0, 5, 1], "rotation": 180, "texture": "#all", "tintindex": 0},
				"up": {"uv": [6, 0, 5, 2], "rotation": 180, "texture": "#all", "tintindex": 0},
				"down": {"uv": [5, 0, 6, 2], "texture": "#all", "tintindex": 0}
			}
		},
		{
			"name": "nwtg",
			"from": [6, 13, 15],
			"to": [7, 14, 16],
			"faces": {
				"north": {"uv": [6, 0, 7, 1], "texture": "#all", "tintindex": 0},
				"east": {"uv": [6, 0, 7, 1], "rotation": 270, "texture": "#all", "tintindex": 0},
				"south": {"uv": [7, 0, 6, 1], "rotation": 180, "texture": "#all", "tintindex": 0},
				"up": {"uv": [7, 0, 6, 1], "rotation": 180, "texture": "#all", "tintindex": 0},
				"down": {"uv": [6, 0, 7, 1], "texture": "#all", "tintindex": 0}
			}
		},
		{
			"name": "nwtg",
			"from": [9, 14, 14],
			"to": [10, 15, 15],
			"faces": {
				"north": {"uv": [9, 1, 10, 2], "texture": "#all", "tintindex": 0},
				"east": {"uv": [9, 1, 10, 2], "rotation": 270, "texture": "#all", "tintindex": 0},
				"west": {"uv": [9, 1, 10, 2], "rotation": 90, "texture": "#all", "tintindex": 0},
				"up": {"uv": [10, 1, 9, 2], "rotation": 180, "texture": "#all", "tintindex": 0},
				"down": {"uv": [9, 1, 10, 2], "texture": "#all", "tintindex": 0}
			}
		},
		{
			"name": "nwtg",
			"from": [9, 15, 10],
			"to": [10, 16, 11],
			"faces": {
				"north": {"uv": [9, 5, 10, 6], "texture": "#all", "tintindex": 0},
				"east": {"uv": [9, 5, 10, 6], "rotation": 270, "texture": "#all", "tintindex": 0},
				"west": {"uv": [9, 5, 10, 6], "rotation": 90, "texture": "#all", "tintindex": 0},
				"up": {"uv": [10, 5, 9, 6], "rotation": 180, "texture": "#all", "tintindex": 0},
				"down": {"uv": [9, 5, 10, 6], "texture": "#all", "tintindex": 0}
			}
		},
		{
			"name": "nwtg",
			"from": [7, 14, 15],
			"to": [10, 15, 16],
			"faces": {
				"north": {"uv": [10, 0, 7, 1], "texture": "#all", "tintindex": 0},
				"east": {"uv": [9, 0, 10, 1], "rotation": 270, "texture": "#all", "tintindex": 0},
				"south": {"uv": [10, 0, 7, 1], "rotation": 180, "texture": "#all", "tintindex": 0},
				"west": {"uv": [7, 0, 8, 1], "rotation": 90, "texture": "#all", "tintindex": 0},
				"up": {"uv": [10, 0, 7, 1], "rotation": 180, "texture": "#all", "tintindex": 0},
				"down": {"uv": [7, 0, 10, 1], "texture": "#all", "tintindex": 0}
			}
		},
		{
			"name": "nwtg",
			"from": [11, 15, 14],
			"to": [15, 16, 16],
			"faces": {
				"north": {"uv": [15, 1, 11, 2], "texture": "#all", "tintindex": 0},
				"east": {"uv": [14, 0, 15, 2], "rotation": 270, "texture": "#all", "tintindex": 0},
				"south": {"uv": [15, 0, 11, 1], "rotation": 180, "texture": "#all", "tintindex": 0},
				"west": {"uv": [11, 0, 12, 2], "rotation": 90, "texture": "#all", "tintindex": 0},
				"up": {"uv": [15, 0, 11, 2], "rotation": 180, "texture": "#all", "tintindex": 0},
				"down": {"uv": [11, 0, 15, 2], "texture": "#all", "tintindex": 0}
			}
		},
		{
			"name": "nwtg",
			"from": [10, 15, 13],
			"to": [14, 16, 14],
			"faces": {
				"north": {"uv": [10, 2, 14, 3], "texture": "#all", "tintindex": 0},
				"east": {"uv": [13, 2, 14, 3], "rotation": 270, "texture": "#all", "tintindex": 0},
				"south": {"uv": [14, 2, 10, 3], "rotation": 180, "texture": "#all", "tintindex": 0},
				"west": {"uv": [10, 2, 11, 3], "rotation": 90, "texture": "#all", "tintindex": 0},
				"up": {"uv": [14, 2, 10, 3], "rotation": 180, "texture": "#all", "tintindex": 0},
				"down": {"uv": [10, 2, 14, 3], "texture": "#all", "tintindex": 0}
			}
		},
		{
			"name": "nwtg",
			"from": [9, 15, 11],
			"to": [14, 16, 13],
			"faces": {
				"north": {"uv": [14, 4, 9, 5], "texture": "#all", "tintindex": 0},
				"east": {"uv": [13, 3, 14, 5], "rotation": 270, "texture": "#all", "tintindex": 0},
				"south": {"uv": [14, 3, 9, 4], "rotation": 180, "texture": "#all", "tintindex": 0},
				"west": {"uv": [9, 3, 10, 5], "rotation": 90, "texture": "#all", "tintindex": 0},
				"up": {"uv": [14, 3, 9, 5], "rotation": 180, "texture": "#all", "tintindex": 0},
				"down": {"uv": [9, 3, 14, 5], "texture": "#all", "tintindex": 0}
			}
		},
		{
			"name": "nwtg",
			"from": [12, 14, 10],
			"to": [16, 15, 11],
			"faces": {
				"north": {"uv": [16, 5, 12, 6], "texture": "#all", "tintindex": 0},
				"east": {"uv": [15, 5, 16, 6], "rotation": 270, "texture": "#all", "tintindex": 0},
				"south": {"uv": [16, 5, 12, 6], "rotation": 180, "texture": "#all", "tintindex": 0},
				"west": {"uv": [12, 5, 13, 6], "rotation": 90, "texture": "#all", "tintindex": 0},
				"up": {"uv": [16, 5, 12, 6], "rotation": 180, "texture": "#all", "tintindex": 0},
				"down": {"uv": [12, 5, 16, 6], "texture": "#all", "tintindex": 0}
			}
		},
		{
			"name": "nwtg",
			"from": [11, 14, 9],
			"to": [14, 15, 10],
			"faces": {
				"east": {"uv": [13, 6, 14, 7], "rotation": 270, "texture": "#all", "tintindex": 0},
				"south": {"uv": [14, 6, 11, 7], "rotation": 180, "texture": "#all", "tintindex": 0},
				"west": {"uv": [11, 6, 12, 7], "rotation": 90, "texture": "#all", "tintindex": 0},
				"up": {"uv": [14, 6, 11, 7], "rotation": 180, "texture": "#all", "tintindex": 0},
				"down": {"uv": [11, 6, 14, 7], "texture": "#all", "tintindex": 0}
			}
		},
		{
			"name": "nwtg",
			"from": [11, 14, 7],
			"to": [14, 15, 8],
			"faces": {
				"east": {"uv": [13, 8, 14, 9], "rotation": 270, "texture": "#all", "tintindex": 0},
				"west": {"uv": [11, 8, 12, 9], "rotation": 90, "texture": "#all", "tintindex": 0},
				"up": {"uv": [14, 8, 11, 9], "rotation": 180, "texture": "#all", "tintindex": 0},
				"down": {"uv": [11, 8, 14, 9], "texture": "#all", "tintindex": 0}
			}
		},
		{
			"name": "nwtg",
			"from": [10, 14, 8],
			"to": [14, 15, 9],
			"faces": {
				"north": {"uv": [14, 7, 10, 8], "texture": "#all", "tintindex": 0},
				"east": {"uv": [13, 7, 14, 8], "rotation": 270, "texture": "#all", "tintindex": 0},
				"south": {"uv": [14, 7, 10, 8], "rotation": 180, "texture": "#all", "tintindex": 0},
				"west": {"uv": [10, 7, 11, 8], "rotation": 90, "texture": "#all", "tintindex": 0},
				"up": {"uv": [14, 7, 10, 8], "rotation": 180, "texture": "#all", "tintindex": 0},
				"down": {"uv": [10, 7, 14, 8], "texture": "#all", "tintindex": 0}
			}
		},
		{
			"name": "nwtg",
			"from": [1, 14, 9],
			"to": [2, 15, 11],
			"faces": {
				"north": {"uv": [2, 6, 1, 7], "texture": "#all", "tintindex": 0},
				"east": {"uv": [1, 5, 2, 7], "rotation": 270, "texture": "#all", "tintindex": 0},
				"south": {"uv": [2, 5, 1, 6], "rotation": 180, "texture": "#all", "tintindex": 0},
				"west": {"uv": [1, 5, 2, 7], "rotation": 90, "texture": "#all", "tintindex": 0},
				"up": {"uv": [2, 5, 1, 7], "rotation": 180, "texture": "#all", "tintindex": 0},
				"down": {"uv": [1, 5, 2, 7], "texture": "#all", "tintindex": 0}
			}
		},
		{
			"name": "nwtg",
			"from": [1, 14, 12],
			"to": [2, 15, 15],
			"faces": {
				"north": {"uv": [2, 3, 1, 4], "texture": "#all", "tintindex": 0},
				"east": {"uv": [1, 1, 2, 4], "rotation": 270, "texture": "#all", "tintindex": 0},
				"south": {"uv": [2, 1, 1, 2], "rotation": 180, "texture": "#all", "tintindex": 0},
				"west": {"uv": [1, 1, 2, 4], "rotation": 90, "texture": "#all", "tintindex": 0},
				"up": {"uv": [2, 1, 1, 4], "rotation": 180, "texture": "#all", "tintindex": 0},
				"down": {"uv": [1, 1, 2, 4], "texture": "#all", "tintindex": 0}
			}
		},
		{
			"name": "nwtg",
			"from": [4, 14, 10],
			"to": [5, 15, 11],
			"faces": {
				"east": {"uv": [4, 5, 5, 6], "rotation": 270, "texture": "#all", "tintindex": 0},
				"south": {"uv": [4, 5, 5, 6], "rotation": 180, "texture": "#all", "tintindex": 0},
				"west": {"uv": [4, 5, 5, 6], "rotation": 90, "texture": "#all", "tintindex": 0},
				"up": {"uv": [5, 5, 4, 6], "rotation": 180, "texture": "#all", "tintindex": 0},
				"down": {"uv": [4, 5, 5, 6], "texture": "#all", "tintindex": 0}
			}
		},
		{
			"name": "nwtg",
			"from": [2, 13, 9],
			"to": [3, 14, 15],
			"faces": {
				"north": {"uv": [3, 6, 2, 7], "texture": "#all", "tintindex": 0},
				"east": {"uv": [2, 1, 3, 7], "rotation": 270, "texture": "#all", "tintindex": 0},
				"south": {"uv": [3, 1, 2, 2], "rotation": 180, "texture": "#all", "tintindex": 0},
				"west": {"uv": [2, 1, 3, 7], "rotation": 90, "texture": "#all", "tintindex": 0},
				"up": {"uv": [3, 1, 2, 7], "rotation": 180, "texture": "#all", "tintindex": 0},
				"down": {"uv": [2, 1, 3, 7], "texture": "#all", "tintindex": 0}
			}
		},
		{
			"name": "nwtg",
			"from": [3, 13, 8],
			"to": [4, 14, 16],
			"faces": {
				"north": {"uv": [4, 7, 3, 8], "texture": "#all", "tintindex": 0},
				"east": {"uv": [3, 0, 4, 8], "rotation": 270, "texture": "#all", "tintindex": 0},
				"south": {"uv": [4, 0, 3, 1], "rotation": 180, "texture": "#all", "tintindex": 0},
				"west": {"uv": [3, 0, 4, 8], "rotation": 90, "texture": "#all", "tintindex": 0},
				"up": {"uv": [4, 0, 3, 8], "rotation": 180, "texture": "#all", "tintindex": 0},
				"down": {"uv": [3, 0, 4, 8], "texture": "#all", "tintindex": 0}
			}
		},
		{
			"name": "nwtg",
			"from": [2, 14, 3],
			"to": [4, 15, 5],
			"faces": {
				"north": {"uv": [4, 12, 2, 13], "texture": "#all", "tintindex": 0},
				"south": {"uv": [4, 11, 2, 12], "rotation": 180, "texture": "#all", "tintindex": 0},
				"west": {"uv": [2, 11, 3, 13], "rotation": 90, "texture": "#all", "tintindex": 0},
				"up": {"uv": [4, 11, 2, 13], "rotation": 180, "texture": "#all", "tintindex": 0},
				"down": {"uv": [2, 11, 4, 13], "texture": "#all", "tintindex": 0}
			}
		},
		{
			"name": "nwtg",
			"from": [4, 14, 3],
			"to": [6, 15, 7],
			"faces": {
				"north": {"uv": [6, 12, 4, 13], "texture": "#all", "tintindex": 0},
				"east": {"uv": [5, 9, 6, 13], "rotation": 270, "texture": "#all", "tintindex": 0},
				"west": {"uv": [4, 9, 5, 13], "rotation": 90, "texture": "#all", "tintindex": 0},
				"up": {"uv": [6, 9, 4, 13], "rotation": 180, "texture": "#all", "tintindex": 0},
				"down": {"uv": [4, 9, 6, 13], "texture": "#all", "tintindex": 0}
			}
		},
		{
			"name": "nwtg",
			"from": [4, 14, 7],
			"to": [7, 15, 10],
			"faces": {
				"north": {"uv": [7, 8, 4, 9], "texture": "#all", "tintindex": 0},
				"east": {"uv": [6, 6, 7, 9], "rotation": 270, "texture": "#all", "tintindex": 0},
				"south": {"uv": [7, 6, 4, 7], "rotation": 180, "texture": "#all", "tintindex": 0},
				"west": {"uv": [4, 6, 5, 9], "rotation": 90, "texture": "#all", "tintindex": 0},
				"up": {"uv": [7, 6, 4, 9], "rotation": 180, "texture": "#all", "tintindex": 0},
				"down": {"uv": [4, 6, 7, 9], "texture": "#all", "tintindex": 0}
			}
		},
		{
			"name": "nwtg",
			"from": [11, 15, 2],
			"to": [14, 16, 3],
			"faces": {
				"north": {"uv": [14, 13, 11, 14], "texture": "#all", "tintindex": 0},
				"south": {"uv": [14, 13, 11, 14], "rotation": 180, "texture": "#all", "tintindex": 0},
				"west": {"uv": [11, 13, 12, 14], "rotation": 90, "texture": "#all", "tintindex": 0},
				"up": {"uv": [14, 13, 11, 14], "rotation": 180, "texture": "#all", "tintindex": 0},
				"down": {"uv": [11, 13, 14, 14], "texture": "#all", "tintindex": 0}
			}
		},
		{
			"name": "nwtg",
			"from": [15, 15, 1],
			"to": [16, 16, 2],
			"faces": {
				"north": {"uv": [15, 14, 16, 15], "texture": "#all", "tintindex": 0},
				"east": {"uv": [15, 14, 16, 15], "rotation": 270, "texture": "#all", "tintindex": 0},
				"west": {"uv": [15, 14, 16, 15], "rotation": 90, "texture": "#all", "tintindex": 0},
				"up": {"uv": [16, 14, 15, 15], "rotation": 180, "texture": "#all", "tintindex": 0},
				"down": {"uv": [15, 14, 16, 15], "texture": "#all", "tintindex": 0}
			}
		},
		{
			"name": "nwtg",
			"from": [9, 14, 2],
			"to": [10, 15, 5],
			"faces": {
				"north": {"uv": [9, 13, 10, 14], "texture": "#all", "tintindex": 0},
				"east": {"uv": [9, 11, 10, 14], "rotation": 270, "texture": "#all", "tintindex": 0},
				"south": {"uv": [9, 11, 10, 12], "rotation": 180, "texture": "#all", "tintindex": 0},
				"west": {"uv": [9, 11, 10, 14], "rotation": 90, "texture": "#all", "tintindex": 0},
				"up": {"uv": [10, 11, 9, 14], "rotation": 180, "texture": "#all", "tintindex": 0},
				"down": {"uv": [9, 11, 10, 14], "texture": "#all", "tintindex": 0}
			}
		},
		{
			"name": "nwtg",
			"from": [6, 14, 2],
			"to": [7, 15, 5],
			"faces": {
				"north": {"uv": [6, 13, 7, 14], "texture": "#all", "tintindex": 0},
				"east": {"uv": [6, 11, 7, 14], "rotation": 270, "texture": "#all", "tintindex": 0},
				"south": {"uv": [6, 11, 7, 12], "rotation": 180, "texture": "#all", "tintindex": 0},
				"west": {"uv": [6, 11, 7, 14], "rotation": 90, "texture": "#all", "tintindex": 0},
				"up": {"uv": [7, 11, 6, 14], "rotation": 180, "texture": "#all", "tintindex": 0},
				"down": {"uv": [6, 11, 7, 14], "texture": "#all", "tintindex": 0}
			}
		},
		{
			"name": "nwtg",
			"from": [12, 15, 3],
			"to": [13, 16, 4],
			"faces": {
				"north": {"uv": [12, 12, 13, 13], "texture": "#all", "tintindex": 0},
				"east": {"uv": [12, 12, 13, 13], "rotation": 270, "texture": "#all", "tintindex": 0},
				"south": {"uv": [12, 12, 13, 13], "rotation": 180, "texture": "#all", "tintindex": 0},
				"west": {"uv": [12, 12, 13, 13], "rotation": 90, "texture": "#all", "tintindex": 0},
				"up": {"uv": [13, 12, 12, 13], "rotation": 180, "texture": "#all", "tintindex": 0},
				"down": {"uv": [12, 12, 13, 13], "texture": "#all", "tintindex": 0}
			}
		},
		{
			"name": "nwtg",
			"from": [10, 14, 3],
			"to": [12, 15, 6],
			"faces": {
				"north": {"uv": [10, 12, 12, 13], "texture": "#all", "tintindex": 0},
				"east": {"uv": [11, 10, 12, 13], "rotation": 270, "texture": "#all", "tintindex": 0},
				"west": {"uv": [10, 10, 11, 13], "rotation": 90, "texture": "#all", "tintindex": 0},
				"up": {"uv": [12, 10, 10, 13], "rotation": 180, "texture": "#all", "tintindex": 0},
				"down": {"uv": [10, 10, 12, 13], "texture": "#all", "tintindex": 0}
			}
		},
		{
			"name": "nwtg",
			"from": [10, 14, 6],
			"to": [15, 15, 7],
			"faces": {
				"north": {"uv": [15, 9, 10, 10], "texture": "#all", "tintindex": 0},
				"east": {"uv": [14, 9, 15, 10], "rotation": 270, "texture": "#all", "tintindex": 0},
				"south": {"uv": [10, 9, 15, 10], "rotation": 180, "texture": "#all", "tintindex": 0},
				"west": {"uv": [10, 9, 11, 10], "rotation": 90, "texture": "#all", "tintindex": 0},
				"up": {"uv": [15, 9, 10, 10], "rotation": 180, "texture": "#all", "tintindex": 0},
				"down": {"uv": [10, 9, 15, 10], "texture": "#all", "tintindex": 0}
			}
		},
		{
			"name": "nwtg",
			"from": [14, 15, 2],
			"to": [16, 16, 4],
			"faces": {
				"north": {"uv": [16, 13, 14, 14], "texture": "#all", "tintindex": 0},
				"east": {"uv": [15, 12, 16, 14], "rotation": 270, "texture": "#all", "tintindex": 0},
				"south": {"uv": [16, 12, 14, 13], "rotation": 180, "texture": "#all", "tintindex": 0},
				"west": {"uv": [14, 12, 15, 14], "rotation": 90, "texture": "#all", "tintindex": 0},
				"up": {"uv": [16, 12, 14, 14], "rotation": 180, "texture": "#all", "tintindex": 0},
				"down": {"uv": [14, 12, 16, 14], "texture": "#all", "tintindex": 0}
			}
		}
	]
}